{"version":18,"hash":{"type":"Buffer","data":"da1YRvVTXapkJw1bEb/KzD3bT9U7Ok9A/T/82/sse7S5kLm0aEMC8od4iazdpIrDSStHqyVZLhfK7/JXXYiUwMNqob3rWTi95fQOqUvT1PFoL8nK12BBLNjRi4j6BwLjDfr7r6OqUbcClSxjAbn1FUuuGBvgkBfebFGJL5AhQkg="},"indexValueMap":{"DGz+odB4iF4drWXqoNZ7Fc3W+mkpgMIJqZKq/AQ91i4=":{"valueMac":{"type":"Buffer","data":"8dKyD1yygWUDAa2hQkX8Y0GrA0AMvAFO/tYnibp4sqc="}},"RtftIFDbYSL6jPCBC+4GnaiGjsO6HYlXT4aUJqvl42Y=":{"valueMac":{"type":"Buffer","data":"936aaKoBUJ0mS0tl+t3t+5L8Xp1adJsadMnsZ3sSDFQ="}},"YphJqMVh0VKHE15bpmFXQdzAqR71++dwBAdVpuRa294=":{"valueMac":{"type":"Buffer","data":"7VafbaAjFoqkItGNDO4urJhPcDf8SY8vcX6guFxzs+g="}},"aMEjNbDCqfjwm3+EEe5BGKjoJttc9OVuEKfVTCF0PAg=":{"valueMac":{"type":"Buffer","data":"KjV8ubS7wHVjsYUtvowY95Wu793zoASZ/kT8TIyG9/I="}},"nvmoRNAWz0X7JDcAKcgT/sJwcYHPZbA0hTPcc1/jHCM=":{"valueMac":{"type":"Buffer","data":"wjVuX/ySWdolpTT8DP5YdgkSrcXwslav7eQjzPVrat4="}},"zWkPK8pNl/6w4bxWHY1csvgzU+69BH0ObEvJ0GtNAfU=":{"valueMac":{"type":"Buffer","data":"ci8qCDbL8oqS0XVYZYI61bQKtcy3vMv79F03YbJiW8E="}},"3XWdgpkQpiX3sFYzdDTBtR+69oLVCM+EgkfcBbtVKUE=":{"valueMac":{"type":"Buffer","data":"hrBBWMUiXhLh1F9U12JlwYVy6UvOi1CF7z76o2VlHZ8="}},"6b2byPLGxXDLbR4HY5S6WgLlpkTDnl8/VJpqnFAdgOs=":{"valueMac":{"type":"Buffer","data":"v8xtGJGbSr942wz4QQp+edHG4+wtXAWW6XECnbIt/ag="}},"70evfBU/qrSzMuRK5gIcsX+n985JCGsvldvyCPXRuxY=":{"valueMac":{"type":"Buffer","data":"cMb1sFXWxPW0W/9BPCeAy8BZfzk4gQ81hWiKiAZ7AMg="}},"gPY3EEFWF0boIbhqV8S2cceMytCf96M4ADCGYZrLkzI=":{"valueMac":{"type":"Buffer","data":"GXlPX4JPZWFi7c+VyZLxTYOQYS88ZQE+r2zcb79hDhc="}},"07MBxrnrq4SsCH2yhCwBmVbS28qUh1arZBFUX7VC518=":{"valueMac":{"type":"Buffer","data":"YeDCghAdw7VH5K+kIt4ZbV84grTv+6WJLD1zYzVh5oc="}},"NDQ+q+u+/wsCBuSBKNsZGYHlFrQKyOn4Sa0NqI7leQc=":{"valueMac":{"type":"Buffer","data":"BKA3Dteyy9kwHPDURHRqV0GrAl6Ph079iir3YTmeJcE="}},"4h5/XNyrSWqPnKCk3Cx8+Dy+Xfhb2g59sYkxgvv89eI=":{"valueMac":{"type":"Buffer","data":"BwR60iJT8aqoBfdFxPhh1qIYpDWQ7VNHqNqoQ1MEFKY="}},"42VUlh0VmcGBXR+zEd9jFZHEYxo+Z4ujK4bENdbYA+I=":{"valueMac":{"type":"Buffer","data":"Am+yQ2WeMcclpJ5EuQ34lOpjrhOYYNZRk0jKeWwDg8w="}}}}