{"version":49,"hash":{"type":"Buffer","data":"viTmsI+sQSVb1131/j7vUcDRPhFX7y3cjFOygMEFtLPKgFjxDqt2XCTm/AYIiYicm43T+S05Zvql1IvKO0ncBdduTGRQ9PITtvPTYAuxOtmZ7GJx++9P4S6ij0WrtTedAzLY6lACEgy1A8i+E26dG8gXr2P4FmwNviu2KHowHss="},"indexValueMap":{"A6WdxhjeNtOP+csmYPhN5nwddHb5TbDxvIY8xVuP+iU=":{"valueMac":{"type":"Buffer","data":"GZNyK7p4Q60LZ5kJvanahzu2cs7Rr6OpVEmFEue9tKU="}},"BJiewBaXv3scSATjRWUkMV0AcvXfbDk4x/sZBM/Ky1Q=":{"valueMac":{"type":"Buffer","data":"cgcBtx4xnUiI6WYSRiuMAbajo+APnHTfsEUx4Rq08js="}},"HltIuhqeY30+Js4b/OGfoq6SNk1fI67FKDYKybFCEnA=":{"valueMac":{"type":"Buffer","data":"nHXM9N8rKTgFHUqYT1ztu3tv133zqYhg50VVFxykAUQ="}},"JWEtQADg9/FrNuDn1EfUEgasPtk9mK6rn0ZFxLJtVxQ=":{"valueMac":{"type":"Buffer","data":"+B1MYh5KIrM8+ZtOkraSOr322LHmmBKy+KEEIQ4BvoI="}},"Mt/aerc1tR6cL71DzDhuZqBXOBIbwQauvlozgXnA6lc=":{"valueMac":{"type":"Buffer","data":"ZU6Fv6FGOgnGPR8W67kesX+rudvd43AwcCVYrKTg9qU="}},"Qt/2eFkI0ghCxuRHG15fdW0qOGDjdThFLqXj/RWX2Ew=":{"valueMac":{"type":"Buffer","data":"edPqO27cg4ARl/ff8G3smcc5yZ2EMdYHCK9eQh/5jMc="}},"SMfQHqOmc7RE6czr7AF87mQDboK5Vbkm7Bsg9Puom/4=":{"valueMac":{"type":"Buffer","data":"S3zBEv+B7ywjClyeNBvox10f+v3hxCCAERYs845YGqw="}},"TA6zyIcv9wFK5s/WUJYm7lN39RqLTafounnwo+JeEo8=":{"valueMac":{"type":"Buffer","data":"nZUvqJV07jjXnI4b/oyy/NuX7DsPqk7/Ugb2B51u8gM="}},"UltxopnOKPtG9Up3Sz9M///kLHNEpEfGhrBYTZuYInk=":{"valueMac":{"type":"Buffer","data":"088Bw+LVtK51q3pFZqfn75tHAFb9BSY3XD+mOc+9A3Q="}},"UpbVBR8e8PuzfLBSK3IEx8ZtE1eDZOrLvMJeTUpbkrs=":{"valueMac":{"type":"Buffer","data":"iuDlPDHyxFqDGmWj+ZL+WfY6iD4nRfTMozEUglO3z5w="}},"WPg4ptMsQZ/AGF1s6zpae1lLvdysg2Z4AgxeDnHqgfs=":{"valueMac":{"type":"Buffer","data":"rZaW/aSaodzGL8V4gQznE82Rvy2PzuRYC/Qhb8qWTAA="}},"c8OrZcJhamPPqj9nR3tPZnug1dz/XQKpIgNLvIoesyg=":{"valueMac":{"type":"Buffer","data":"CezJlo9yLxyPBhyR2FrO4pWiN4vYHVdXZzmRB57SAL8="}},"iP958GkY/IO27hIEIYqj3rJ6dPFJK+Uae4UqQoxi6xk=":{"valueMac":{"type":"Buffer","data":"Prb/TDUf/vcvTloD4cjQ3s58cB4+Gk1AZs3QnhrCdMU="}},"l+QmNRj4vUCOyX69l3/vrHK9cVKE0zOXvgCr++z614E=":{"valueMac":{"type":"Buffer","data":"Klq1TL36QjPPxEQoZ9w7vKjwWvW2RNOskq6IciUPhuo="}},"nJ4kYPaBSArj8QouKw+Racc+HKZfS5PiyhoXoqQgDFI=":{"valueMac":{"type":"Buffer","data":"vBSArMadu0K+elt1bDZFIgroHhtGcCAvOlYP/vdQsU0="}},"p6XBuoKB9zPcri9YmPVl+TAzcxHHvjFfIZbAKc2T2u0=":{"valueMac":{"type":"Buffer","data":"1ElwNpw1wOqaZvD67dQZd6dcP0k24cVmqNPTU2R0eFg="}},"qyAEsvIPehUd8UwT3vlk5POM/WRt3SvAebmDtR0AxuM=":{"valueMac":{"type":"Buffer","data":"OR35cjQg7wFrHPBaWz+HRXky4b4dUU6B4AZ6lPwoXIg="}},"x4qZYKkqQ8Qgc6oIOFonLq/dRDLcSMhvmwVc2fOb66Y=":{"valueMac":{"type":"Buffer","data":"tNfQXeBYXfad6FnKjrObnmdEVDWGz38PXmEJ6liOAX4="}},"zSHsBgla4xqFRMRePy9cT00hd+gpypajT4mew5bToCc=":{"valueMac":{"type":"Buffer","data":"k9UD195gp2KrBDP2rsbbxT3Alzsz1wwbCma3+06IanQ="}},"3o1J90Lkebt8ni5VQmFlapGHjYy5LEQa03EfNNA8LFQ=":{"valueMac":{"type":"Buffer","data":"UZ2sg2uROWJkhogouJiCeGbnoh4/0pBw9JdZBF1B98E="}},"3w/iBSRmCiMgEX0Lf8ThdsYwG22xGaD0zT7slm220ts=":{"valueMac":{"type":"Buffer","data":"BIanXljaXDfX1KPN1VlpgtOxQMFoi5BX4gmUvRh51uc="}},"9kE7/uY3WZv2DleAiWwUT0p8tzKPyJKe972tVhJCUgM=":{"valueMac":{"type":"Buffer","data":"Br3TGvOHVGAkr9/2SBLtpPTxQPiW9BNxttnpaljnB2s="}},"99QIi2yO3iZugAlygs53KT1N6k5xrZbMtUtzGddturY=":{"valueMac":{"type":"Buffer","data":"3Lj41YEXFxiJyytX1g4Fn/bcVT+SJgbG7/75qSllwp4="}},"+QsdZZQR8mhUaV6NokyjmF3ZNBXZhwBxZN4QL9leAk0=":{"valueMac":{"type":"Buffer","data":"ZFoFcSPz0hvx1y/bn5URFMepqHzZX1A3S6JzAsTw3+w="}},"PTddbG+O+pn5vO/8eX6H0h+7mpC12Om42Le27GVNAUE=":{"valueMac":{"type":"Buffer","data":"xBoT2QOc7mjcsDAzDVq7QGE31fKcM2Q4krtFrFI9dSY="}},"wEdwoxJdtt6OkcSnx7X0SMFowyDkrHlDlBLdfbp9JTY=":{"valueMac":{"type":"Buffer","data":"SYr6TeV9aMMmaFho2vfJkPqTgiyO+xRqqb2cxrQ1DB8="}},"vg5gvMNvQOQmdt4tGYEij2AOqfynMR5UWpdMidz3vXg=":{"valueMac":{"type":"Buffer","data":"ONQzHdIXONqY9UI71ztXn9kDizCS+Gyzn2BG7Ko2gQ4="}},"/WxF1GnM+xulqXeMxpEsM4CfoM4FV3DAZbng9ZkG3xE=":{"valueMac":{"type":"Buffer","data":"l8TS4Ezay9l/qNhA/X5yRozXoqwckOQJ21j+g9rsp9M="}},"ORI+IHqZajAQiqYfvnVl3cNUNMP57U+yybqTTUaRpJk=":{"valueMac":{"type":"Buffer","data":"sxLSrI4pQBW2pK07vpf8G2xInQ/d1obtPpkGXdloruM="}},"XADmfkE1lWsQ6LakE+pT2xpxMHUcyD8MGLKmDCp6OQM=":{"valueMac":{"type":"Buffer","data":"DZQPtUSX2UZGY+tQ1p5flq6Cmhv41ugqPMAq2Qbk+ho="}},"s5HT2FmTUKVKVyET+fZ4mm8L/7/3RAjiCD60Alj+8Pk=":{"valueMac":{"type":"Buffer","data":"eQbGkuwxJH4tJex4vQWxsoJfrIPMJkNrynPj7+iuMUs="}},"6w1zw/6Af4o1TqWa0cfJc+MRXWcE8tDmhaS6MMmw10w=":{"valueMac":{"type":"Buffer","data":"hdKqRB7v9k+THvmstCcbDuUc1GdCLHUdj8y4xdbA944="}},"e50ooVZpqyJ8XfNTonGI6VHOYwEAtvmfhOhpjCx28/E=":{"valueMac":{"type":"Buffer","data":"U+dWiu0DmumKn6ihgJ4px8QSipY/6/FvEgqc8YJ+xr8="}},"Cc3a12l3qkoqiQ4orCu14adF6nLf3cNbT8tHPhfP6Mw=":{"valueMac":{"type":"Buffer","data":"AQvcir2uV/LZVJRyrY/bX+8oTz0lEfrycZPUwt8hO00="}},"UJP33TTF8q10vAMqeo/QE1pdIazoXoN2flIrrQm9t+I=":{"valueMac":{"type":"Buffer","data":"pBgXfNxVGs3YCRAX8qNwq/JM0IxKoUJRSc52qneR7B8="}},"Vxg0TStPHwMkw+ekdUFvouKeL7n2ao+Y22CcXfUcQLw=":{"valueMac":{"type":"Buffer","data":"O9wWl4kESzBFDxwSUA8NOZNeA6q/Ztsen9ahRe5mPZw="}},"1cFrNXGJXTzEuJSz/HqcEn2hbKGEUqbuIhclNCKzirQ=":{"valueMac":{"type":"Buffer","data":"4iPulkEPy2S9UArGQ5sTU43cY7jPriMdwWvNB7h16Xc="}},"ZFPH5tDNMEgNu1i1GKF8Lk/BabdFqrj90FNbcSooG1s=":{"valueMac":{"type":"Buffer","data":"PB3Qveyx1cGZeqxvwtJfIABFYYsVFh62OrNX7lSXNag="}}}}