{"noiseKey":{"private":{"type":"Buffer","data":"kGOEEZnoWPRlDtECxcgOxqQcYeHSbe4RpIoEm5imM10="},"public":{"type":"Buffer","data":"PuAbeD0lSdf2v2OqQLY4tf+yOEHwEHgJBvCM8gH8dWo="}},"pairingEphemeralKeyPair":{"private":{"type":"Buffer","data":"2L9cEuPHCHHw92K2WoLEDfrtzIES/u6jwl2JfyFIT2k="},"public":{"type":"Buffer","data":"HTVBcd3gA219nsYMUqTC2bSw4EJego+YdorK9ld71QU="}},"signedIdentityKey":{"private":{"type":"Buffer","data":"0KLqpghpjdfvb2tao9/C8UgiYLLYQXGXlm56nioI2G8="},"public":{"type":"Buffer","data":"yFuH3zocLL+DRxdfmChvVDp0oclXsonOrO+vMtGOWAs="}},"signedPreKey":{"keyPair":{"private":{"type":"Buffer","data":"6P/hjTE6b45PmSkByoCCPVcOq0+p7th3g12+dzAY8lM="},"public":{"type":"Buffer","data":"TevWlXZcf9hiLLpfS2VP6IFea3/7o3W394OeSIep3js="}},"signature":{"type":"Buffer","data":"aDy9ugLHvMMLYMeBrcDbhBbnhYF0jv9yQbv9j5TrJcMBcU6XB+DUQ47byKUSYkgLFGaOiq3C9TfTTUdsjomHCw=="},"keyId":1},"registrationId":214,"advSecretKey":"Qnwjzu5fDaFvkkcGQ+/kzQ/91P5qKJ2OvWOC7BMPu6I=","processedHistoryMessages":[{"key":{"remoteJid":"573505405617@s.whatsapp.net","fromMe":true,"id":"2E99F1196FBA5C858C3340D4C2367975"},"messageTimestamp":1753669004},{"key":{"remoteJid":"573505405617@s.whatsapp.net","fromMe":true,"id":"A9F94C463D15E8650AC0553C4E450F45"},"messageTimestamp":1753669005},{"key":{"remoteJid":"573505405617@s.whatsapp.net","fromMe":true,"id":"6A34ADA3D7B4AC60C9EA126B65C98682"},"messageTimestamp":1753669024},{"key":{"remoteJid":"573505405617@s.whatsapp.net","fromMe":true,"id":"2718DCE20B46BDD21ACF3D3E1229E2BF"},"messageTimestamp":1753669038},{"key":{"remoteJid":"573505405617@s.whatsapp.net","fromMe":true,"id":"35FD8ACE5C495C940291A72EA89C9F43"},"messageTimestamp":1753669052},{"key":{"remoteJid":"573505405617@s.whatsapp.net","fromMe":true,"id":"577A0AFB846E44F723069CF41F30B3AB"},"messageTimestamp":1753669061},{"key":{"remoteJid":"573505405617@s.whatsapp.net","fromMe":true,"id":"B5D2D58A26B775EAEF707BF3B8620376"},"messageTimestamp":1753669065}],"nextPreKeyId":221,"firstUnuploadedPreKeyId":221,"accountSyncCounter":1,"accountSettings":{"unarchiveChats":false},"registered":true,"pairingCode":"KHPT1ZHZ","lastPropHash":"PWk5B","routingInfo":{"type":"Buffer","data":"CAgIEg=="},"me":{"id":"573505405617:62@s.whatsapp.net","name":"BOT-ADMIN","jid":"573505405617@s.whatsapp.net","lid":"183924038856864:62@lid"},"account":{"details":"CKeGlZEEEIe7m8QGGAwgACgA","accountSignatureKey":"Y2XMMPKTp9mLnNewj0S10Rkggx63mzEHR5+YtRD4bEs=","accountSignature":"R5ih7YDRIkADLXpvvKGIbtYoYvBXsqtSqFrqho4fSa56Ru12ccq+vffhJhiOxljZFNH9j92Z86U9v6Xg8DHsDQ==","deviceSignature":"OHUUEAwEec7s25eZhG8pzcXwXOe02onEHtyvGrwntg4iGTsAPMPP59kuPoVPhgsZgtvpp9P6m1mK2s+3jzrxCw=="},"signalIdentities":[{"identifier":{"name":"573505405617:62@s.whatsapp.net","deviceId":0},"identifierKey":{"type":"Buffer","data":"BWNlzDDyk6fZi5zXsI9EtdEZIIMet5sxB0efmLUQ+GxL"}}],"platform":"android","lastAccountSyncTimestamp":1753918445,"myAppStateKeyId":"AAAAAOXB"}