[{"senderKeyId":440313156,"senderChainKey":{"iteration":933,"seed":"OtCeiyJMp+/WbnQrQ3lu5m0ERB9tEalsouosgpfUNFs="},"senderSigningKey":{"public":"BWL92L3odMr0XS0frc/WtiQPjQIRxW9bUwRbCN4G2BRZ","private":"MEvEQA3ivWalVokgdfSgZ22XG7bU5XRdPfBArFW1yHg="},"senderMessageKeys":[{"iteration":1,"seed":"aN9k16UcmtihJmtJWRo0anBSN5nLWnjhLzgkhdH8bXo="},{"iteration":3,"seed":"bM29It0qli5AxmQ6GIXz/nsyne+UjB01QlOBvXolnhA="},{"iteration":5,"seed":"/euQ9HYkL/diNsz70KY/DfJBao6o9dxPYxjtpnHb2gw="},{"iteration":7,"seed":"+wTln/7ops6FWIqB0KBDoCmYzZAYDdUnfo3O9b831P8="},{"iteration":9,"seed":"21gBfck+zHwou/kIN2+D0iXLvIPbpmcapJ/pTLNdKhY="},{"iteration":11,"seed":"zWfv6vIu+sfaIIL8SsSGUTaMwbB4Qb9i6Kno7z+ZIww="},{"iteration":13,"seed":"XpnomS8xearrsMNW6FBdQvZTUpKrv0CTD/UNE5rCxEk="},{"iteration":15,"seed":"m3DP3Cn/lq/3su4YZKOSHg1MOgIYet9ZUZ+ODumjTt4="},{"iteration":17,"seed":"0FK0Kkq0o3sbFZTaAD8OMMOnuKssG/E+Fg7C2Nou5+U="},{"iteration":19,"seed":"zXr1+SqY1Fk0G0j2Wv90hLtII73SgPIJERVqYMZ4ubQ="},{"iteration":21,"seed":"/loPnRgZsqypf0/Lq41Lm08U1Nb9GeoFGWbp9kSa+wI="},{"iteration":23,"seed":"1WdmaPfOepLG2IDGPVEdfKmsH+a7SsAQF1M7TnI2O+A="},{"iteration":25,"seed":"IyawRC5eyMhTk4IQxlxfdIXZRoiMaRHNGbgqXTrrjsk="},{"iteration":27,"seed":"0z6wkYwDvJoISOgS01owd5yEEURr6/CXFlyfcB2Zyyw="},{"iteration":29,"seed":"E2hmJ7iHgyTSk5uimjvC/uASIzFKCmU0kdP7j9oyYmo="},{"iteration":31,"seed":"BxUcY+T0/0E3FmzEcjyuehdwyPcGfPe22EMBYbAhBjw="},{"iteration":33,"seed":"xc1lPpimMpiua+9R3QWwAKeNvbxjexBbDOOhRibp+6k="},{"iteration":35,"seed":"NuyZOX2UMtD4RNuHAJQcjoc/XyiObgUiUZ+6K256Vm8="},{"iteration":37,"seed":"KVtIq9YYKcTpb/Ew2UN7I9SIWzpbZXmpvvKp91HDeWo="},{"iteration":39,"seed":"vdQDChrakzz0IngvMUFDvqwWPxJxZOsBfXTTEkhFOgA="},{"iteration":41,"seed":"x+9UXm5gV93bQv3wLkMsPZjofu6uENXBnKwDkMogMXk="},{"iteration":43,"seed":"CmlQQ7mHlaIQiOjFQE1lEmUKzKHgP+IHwzS3WYDvA1g="},{"iteration":45,"seed":"qR+1mJo1gbWKE4kAnkg593e2YwrH4sffzn8Jv6yI4I8="},{"iteration":47,"seed":"EuoiqdLXdHYJrZ/fR/1RF57AYC2ZCpJSU3ukjd5C0Bk="},{"iteration":49,"seed":"umCun7ulneosTZkX3cGyUqDsBcZkOr9laD8mO2i2VpU="},{"iteration":51,"seed":"GzhGhzK4CRUTkpFuIrFiP2ySwDfhCA0jyM75esnemTQ="},{"iteration":53,"seed":"Y13MAGTgC30Ze1n12c83x/AGgqagiV5el06NF71CbDw="},{"iteration":55,"seed":"axD05w5RZc8FK+CPacJxPAhZhIQufBi1dDo0xnbbFxs="},{"iteration":57,"seed":"GrQWbH4LjUSdWtHAg8zntsxL6b3ryq8mRj4X/qOlX40="},{"iteration":59,"seed":"ng/9UCuexLzf29kJXu6ydRibzZg8RMUqwxobR8gjemU="},{"iteration":61,"seed":"tDWiQNTpzt4QXG5jLBvh58Yw7ue0FUmcIlRna+B2L0U="},{"iteration":63,"seed":"mxYZhQMS+kFyYLuY2A5WYrqB1293/E63CgE+WkcDPMo="},{"iteration":65,"seed":"gh+NZxNn+1/zm5GYdSxmxeQm08pq7uMMiHSrvpNyuWc="},{"iteration":67,"seed":"hrg/AnyA6pIwVUqkA5UaFHKMM3dvYx/aSH+u+ETI4o0="},{"iteration":69,"seed":"02awlnbkfR3uh6i+yKdnUqCiHJ5IU3fjQBtYqblsbTI="},{"iteration":71,"seed":"4OuickAuXdaIXNpx+fK919agR7KowGGemZNFi9irPzU="},{"iteration":73,"seed":"dapMPrQWt7V7WZ6oFU0stkmBgbhxuoAog1Z3awGmz5E="},{"iteration":75,"seed":"xU/dkZo43CFvH5hnjzanur9LiV4X50WBce8AnBh1xLE="},{"iteration":77,"seed":"sfB5zsgkNgy6fK60UyyLQ0eRn2PmVnm68AraMtlayng="},{"iteration":79,"seed":"HRlXn7nVwZRIrl0FYfK7CUZy4hl5N5JE6KLPJVGwpEc="},{"iteration":81,"seed":"Et8ys3Ex1Vrfv7MPIR9sLLu862i7gBHpk/aFPL4Q5P0="},{"iteration":83,"seed":"O0lWKWrr8AMNbR6YOz0C/b+n3MCN8UqG2r66M0ijMOs="},{"iteration":85,"seed":"cYT9TNN0m4dquWjmSvfFHHgl/FbNGIUDjDJe5itrNQU="},{"iteration":87,"seed":"EtMhkPMGSu9hXmn4WHrwDENwaCynvr0HQ+qD6uWJI04="},{"iteration":89,"seed":"Yf3+hMMZR/9ez/WuSzfO4M5OP/p8dfZExmNMEgZur70="},{"iteration":91,"seed":"YAiGlbcy6QoRqno7+G1HEpOksEn3KBEH2FAAy0NjqmE="},{"iteration":93,"seed":"8KmkhCsC0wPNb/29u2k192pLE7oc2iXR1mk6M6jGPeM="},{"iteration":95,"seed":"znEmv0VRHg+pDO9KjGhXLdl9d37nKDSd4LQ7ki2XEkA="},{"iteration":97,"seed":"tCpQKPOnWKfjc9gw4FV+fzzs3Un3u7No0F0OML24Hh0="},{"iteration":99,"seed":"OAAP8IjkbnqtgDuF247FTVERsiEF4sHlcWjMXEZxl+4="},{"iteration":101,"seed":"+MmdSjo4A7TnnyrWv6p9fZQIAH/kXaxELI809b1/L5g="},{"iteration":103,"seed":"AEQzol86pbte8Cqpm+UbosAv1c4z0OUwgMylCyNWBYs="},{"iteration":105,"seed":"H/NADQq7BYVUFwIm8xpqZLGxi8zddGLCiRRhAGCgay0="},{"iteration":107,"seed":"yvHCnFcgfpJ73X7+Ct2xi4hXL00EnrMQzJY5HFtZfqU="},{"iteration":109,"seed":"NzXIB0W2MvaAkuoCLI1EH/7klriiA9+aRxEl8l6o5Qg="},{"iteration":111,"seed":"BJzxqqbOPVHCYFusFSqkuRr6CmDFoAQZUMW1rAH2HbA="},{"iteration":113,"seed":"9HfrdUC+8QesnYplo6A06/epw8ibrR6GGpy7yPMQk/I="},{"iteration":115,"seed":"1cXAT2rSp2XQ6EPC+uSqJEsaCCy03DH5tHPrJSVdLkE="},{"iteration":117,"seed":"nc3XHeYj3ZkEHckSJF9wHMYpG4be5G5PKkcUgKMfX6s="},{"iteration":119,"seed":"q3PGABca3FMMpzMYV7TW/5CC7RSVX2Dj/xNyeMS41CM="},{},{},{},{},{},{},{},{},{},{},{},{},{},{},{},{},{},{},{},{},{},{},{},{},{},{},{},{},{},{},{},{},{},{},{},{},{},{},{},{},{},{},{},{},{},{},{},{},{},{},{},{},{},{},{},{},{},{},{},{},{},{},{},{},{},{},{},{},{},{},{},{},{},{},{},{},{},{},{},{},{},{},{},{},{},{},{},{},{},{},{},{},{},{},{},{},{},{},{},{},{},{},{},{},{},{},{},{},{},{},{},{},{},{},{},{},{},{},{},{},{},{},{},{},{},{},{},{},{},{},{},{},{},{},{},{},{},{},{},{},{},{},{},{},{},{},{},{},{},{},{},{},{},{},{},{},{},{},{},{},{},{},{},{},{},{},{},{},{},{},{},{},{},{},{},{},{},{},{},{},{},{},{},{},{},{},{},{},{},{},{},{},{},{},{},{},{},{},{},{},{},{},{},{},{},{},{},{},{},{},{},{},{},{},{},{},{},{},{},{},{},{},{},{},{},{},{},{},{},{},{},{},{},{},{},{},{},{},{},{},{},{},{},{},{},{},{},{},{},{},{},{},{},{},{},{},{},{},{},{},{},{},{},{},{},{},{},{},{},{},{},{},{},{},{},{},{},{},{},{},{},{},{},{},{},{},{},{},{},{},{},{},{},{},{},{},{},{},{},{},{},{},{},{},{},{},{},{},{},{},{},{},{},{},{},{},{},{},{},{},{},{},{},{},{},{},{},{},{},{},{},{},{},{},{},{},{},{},{},{},{},{},{},{},{},{},{},{},{},{},{},{},{},{},{},{},{},{},{},{},{},{},{},{},{},{},{},{},{},{},{},{},{},{},{},{},{},{},{},{},{},{},{},{},{},{},{},{},{},{},{},{},{},{},{},{},{},{},{},{},{},{},{},{},{},{}]}]