[{"senderKeyId":959123242,"senderChainKey":{"iteration":169,"seed":"toddsjes5efyMjjerCqLvYWSRRMfUVVn9djbYYofuLg="},"senderSigningKey":{"public":"BZ+iCLTLPpMo1/kRCPqHIsxZgmbl5P98ediLyKC0Kg00"},"senderMessageKeys":[{"iteration":149,"seed":"QahhsxSMpYBfeGsY8bOEx0XkOJizo2EMC5iN4rn2MIw="},{"iteration":150,"seed":"7gK6HPjRY7nZ7UXWzU/g++z0z0A5fdH6ypTnqkdViEU="},{"iteration":151,"seed":"X2xsjO+FLrPWTy/fA5fVZHeN56QuMJ3A8XV/hbhmFjc="},{"iteration":152,"seed":"elSuq0UTfJ/oGgB801dCk41kCkAby3tXUKfJr9zZEUE="},{"iteration":153,"seed":"D0m3wnWFOP+4qFrRcXcSXSQ5VNaImEsVAO6jp7/L2oU="},{"iteration":154,"seed":"6rvQfndCXxWKkWNc4hL8CjmYRTuVCpZrh21MQ3bb/xc="},{"iteration":155,"seed":"E1nDoYXfHgxa4LVMzM9Y8ubvjULnkHNCNfTt1xIg0oY="},{"iteration":156,"seed":"daomJBM/eNlCM/BVEwtsWk11S9lTaFqaVUNvPTm1KJk="},{"iteration":157,"seed":"Ts33wciG8xwpHzyUufEkdUpaoBYfGqDqa/I2kMOjf0E="},{"iteration":158,"seed":"3D8nD5f4v6iXyttU7xBFGrwBIJnsOVaMZzAyJ2kwoyw="},{"iteration":159,"seed":"u3TDudL7HofH3Mj/AHyM2IwlBpM00Ieyf5JgWaX62P8="},{"iteration":160,"seed":"1WZI6EqGFcK0wBqgmspJvpvGtJQYBuT2b4oyrp1vijQ="},{"iteration":161,"seed":"CIHOwOrzfdNIAYA9PGJhEbmJhNITZtrOG5Uxp1nGktc="},{"iteration":162,"seed":"q9uE/aw2AXYcCfjAnesfweBWkJyITqv/BHD8ZNnvoZ0="},{"iteration":163,"seed":"WrctW1TWQ1rFzeXUuMrizr+3l/hL/eDeCCiCrz2Lvv8="},{"iteration":164,"seed":"ttvB8RvBPnNZDoHr5c5y3UPJAELSZe39xRfm3rpmQ3A="},{"iteration":165,"seed":"V2nmX67Iuxju4Gb2ZwWOTQKxmEEc9RwgcKlR6OlK6l0="},{"iteration":167,"seed":"e++WKRv5JbT9uB4mRxaUsjj7rw+UeSzlKiG7QUh1z2c="}]},{"senderKeyId":959123242,"senderChainKey":{"iteration":153,"seed":"ASWlbLAccGNnEVSKtMIqCoSsG+EKZtmq8sY3XMqU9Zo="},"senderSigningKey":{"public":"BZ+iCLTLPpMo1/kRCPqHIsxZgmbl5P98ediLyKC0Kg00"}},{"senderKeyId":959123242,"senderChainKey":{"iteration":157,"seed":"1oHALXBFR6CnN9gD4PsVC0QZ5YxT7TZe8lmcLf/7yJk="},"senderSigningKey":{"public":"BZ+iCLTLPpMo1/kRCPqHIsxZgmbl5P98ediLyKC0Kg00"}},{"senderKeyId":959123242,"senderChainKey":{"iteration":161,"seed":"RSiAbBaoMc7B7o7nNBw9bFc6SmnisoX6MWAs9h8qXdM="},"senderSigningKey":{"public":"BZ+iCLTLPpMo1/kRCPqHIsxZgmbl5P98ediLyKC0Kg00"}},{"senderKeyId":959123242,"senderChainKey":{"iteration":165,"seed":"inOb2ezOu6BI0S/KUWBPP97cW7ID7hnKhYPjwsiuscY="},"senderSigningKey":{"public":"BZ+iCLTLPpMo1/kRCPqHIsxZgmbl5P98ediLyKC0Kg00"}}]