[{"senderKeyId":571174744,"senderChainKey":{"iteration":1,"seed":"CE/GXVisvzGcv5fL9EgR67xR6hIbVxZVJ1HxwfzYbpQ="},"senderSigningKey":{"public":"BWLLajmFwAClF7ftSk5nUN8gHEoU4lbNIHz+DNj0qDhp"},"senderMessageKeys":[]},{"senderKeyId":93114290,"senderChainKey":{"iteration":4,"seed":"Nc8pRf23Zk9ZVPw1KrxeA+w5jHAwBdPVmZ5ggQFFrJs="},"senderSigningKey":{"public":"BZQ2ownMBNDluI+rfg7jD93rpgvGSm4eb3ihs8TmywVh"},"senderMessageKeys":[]},{"senderKeyId":352340960,"senderChainKey":{"iteration":2,"seed":"zZ6wksQsFnEKTHLeei9lS+jR/TFcXsBxLYcPvzM08CY="},"senderSigningKey":{"public":"BdfNIA3mlnW5l8Q21ZkIW0xZ++SFoZa66hBujn7OpXxL"},"senderMessageKeys":[]},{"senderKeyId":1158353718,"senderChainKey":{"iteration":2,"seed":"lTA2irjv2m2XW2Jf1H1Fs/hvbXl2SQ0QH9nran08Zo4="},"senderSigningKey":{"public":"BXNtSM+Bho9ZyNIelbjFGItc46RH4af4n5Q1m4AkDP4Z"}}]