[{"senderKeyId":1600675988,"senderChainKey":{"iteration":8,"seed":"uBQdPfeVQ1YH5xGH5mwTBdrU9UGQViDEwKtHDL9T6Og="},"senderSigningKey":{"public":"BVmd4NCwY9vRMcxhMITzCMsGlRJa4EEwEwwjXUlXFOUy"},"senderMessageKeys":[]},{"senderKeyId":805212324,"senderChainKey":{"iteration":3,"seed":"b0JmpucsoAX9VQbW3JB0PA6USqqr43Q+3Amuqb6TtOE="},"senderSigningKey":{"public":"BZq0WDk47GI3u3l/o24DHOmkkWeuou4erVkYFTxGkBFd"},"senderMessageKeys":[]},{"senderKeyId":1571286876,"senderChainKey":{"iteration":8,"seed":"Nd+wuqmSJuqL714/Fas/I+LibpITIGfZW7dIbH00zH0="},"senderSigningKey":{"public":"BW2HR33mj30/oifkFVYBdoj+yiX/G+a6ihh6w+Bo8KAi"},"senderMessageKeys":[]},{"senderKeyId":1571286876,"senderChainKey":{"iteration":1,"seed":"SB5GRKVMf4V+5d2RDDcgkPLGkh9nPuXRkZGojP4UUc8="},"senderSigningKey":{"public":"BW2HR33mj30/oifkFVYBdoj+yiX/G+a6ihh6w+Bo8KAi"}},{"senderKeyId":1224763909,"senderChainKey":{"iteration":2,"seed":"qxbHcZcI2YMDxqBM430GEtvySagzmMdZP2BJ0zL+IFQ="},"senderSigningKey":{"public":"BS03caM9bu5qFOEW0lobQq3AmFWnKN21ZYQouLLu6CkH"}}]