[{"senderKeyId":905301791,"senderChainKey":{"iteration":24,"seed":"OEhs2++dRaJGN4Xwb65sA1XNj/VwCX8CVZdxNzboDJk="},"senderSigningKey":{"public":"BfikZMUvnWJnO+eo6IAjIv+Hao27kcix0dhq2YzNXiRQ"},"senderMessageKeys":[{"iteration":1,"seed":"WKHGEbatYR9khykmK/8nXoMquS89DNj4G4Ct9wh9DzE="}]},{"senderKeyId":12480712,"senderChainKey":{"iteration":39,"seed":"B00D5nyF9fYqoXqzlp5+8lEObtO7N6PKMeQDqmxqPHY="},"senderSigningKey":{"public":"BUrGSqg4E+XPLWXkq0JngqTdKY7fE3NPkDdNtowVfmMN"}},{"senderKeyId":433057908,"senderChainKey":{"iteration":15,"seed":"bAGunpR3AeR1tI7A5lf3P1rh5WDPEfrpLFgLIG0E7+Y="},"senderSigningKey":{"public":"BdAYFEhaUpLrmOVLWCxanropKq27kmyM+GQwatVP2JYC"}},{"senderKeyId":818739306,"senderChainKey":{"iteration":6,"seed":"gjs2v3EZf31f3JbovfqFuz2J9oLO3Ez9xX6cGed8kDk="},"senderSigningKey":{"public":"BV9ktcEWzmOKpi613RAKRKWOJ1aTXlxiwoELG4bOdUAQ"}}]