[{"senderKeyId":253522638,"senderChainKey":{"iteration":3,"seed":"Xdp18uKesEl+JrKbcbNa0kzVvAQDluTpZG6QOPh9NOA="},"senderSigningKey":{"public":"BZf2LTb+ymgMabJ7dt1B9yKPrE4YhJ5irDPkvUsnBf8z"},"senderMessageKeys":[]},{"senderKeyId":1382147543,"senderChainKey":{"iteration":6,"seed":"K6GXtRvNVPi8pwflXjl2WfGgdIx3AesAbX0y64reSwA="},"senderSigningKey":{"public":"BfjyB2abJPlIMoLdtTRaFiNEmnfIHMzjaGOnccz93xIq"},"senderMessageKeys":[]},{"senderKeyId":2008708179,"senderChainKey":{"iteration":1,"seed":"FJu4wO7EV98SHFprCp+OPaihHlWtOgs3Bns8a0LVxCM="},"senderSigningKey":{"public":"BZJhfk/1/xerm9L2gn38SsdK2/Gwo9XW4fDttOD6nnkj"}}]