{"593985246135@s.whatsapp.net":true,"593985246135:19@s.whatsapp.net":true,"593985246135:21@s.whatsapp.net":true,"573505405617@s.whatsapp.net":true,"573505405617:55@s.whatsapp.net":true,"573505405617:57@s.whatsapp.net":true,"573238618375@s.whatsapp.net":true,"573238618375:9@s.whatsapp.net":true,"573176084059@s.whatsapp.net":true,"573166282640@s.whatsapp.net":true,"573166282640:1@s.whatsapp.net":true,"573135519359@s.whatsapp.net":true,"573022614183@s.whatsapp.net":true,"56987329025@s.whatsapp.net":true,"5350797291@s.whatsapp.net":true,"5218921006699@s.whatsapp.net":true,"5217206335716@s.whatsapp.net":true,"5213781041475@s.whatsapp.net":true,"5212371006893@s.whatsapp.net":true,"393497411839@s.whatsapp.net":true}