{"573505405617@s.whatsapp.net":true,"573505405617:55@s.whatsapp.net":true,"573505405617:57@s.whatsapp.net":true,"573505405617:61@s.whatsapp.net":true,"593993019921@s.whatsapp.net":true,"593993019921:29@s.whatsapp.net":true,"593967713003@s.whatsapp.net":true,"593962648897@s.whatsapp.net":true,"584243781950@s.whatsapp.net":true,"573144832152@s.whatsapp.net":true,"573138881893@s.whatsapp.net":true,"573042099683@s.whatsapp.net":true,"5219622144295@s.whatsapp.net":true,"5217861319629@s.whatsapp.net":true,"5217714065326@s.whatsapp.net":true,"5217444592453@s.whatsapp.net":true,"5216951384599@s.whatsapp.net":true,"5216674663419@s.whatsapp.net":true,"5215643931129@s.whatsapp.net":true,"5215617938599@s.whatsapp.net":true,"5215529646966@s.whatsapp.net":true,"5215525425626@s.whatsapp.net":true,"5214531578349@s.whatsapp.net":true,"5213325963798@s.whatsapp.net":true,"5213131922319@s.whatsapp.net":true,"50492662210@s.whatsapp.net":true,"50369949609@s.whatsapp.net":true,"50369949609:6@s.whatsapp.net":true,"50246227046@s.whatsapp.net":true,"19714812274@s.whatsapp.net":true,"19713969912@s.whatsapp.net":true,"15127506743@s.whatsapp.net":true,"13236412926@s.whatsapp.net":true,"12525767762@s.whatsapp.net":true,"593993019921:30@s.whatsapp.net":true,"5219625144628@s.whatsapp.net":true}