[{"senderKeyId":110242294,"senderChainKey":{"iteration":1,"seed":"DdSiiqK9d3rKH1Wj335Ctk57BuWHc96ZdzBDOs94C/4="},"senderSigningKey":{"public":"Bex4/dP6uH4JL1WoYJmU5kun1GBBJ39QGF4puYqHcv02"},"senderMessageKeys":[]},{"senderKeyId":1309118721,"senderChainKey":{"iteration":1,"seed":"6DTNIlquM8Bt5O1UcJ1ITBX8tD53jxx87ez+r120Oxk="},"senderSigningKey":{"public":"BRYoVbSNa7A6wqKLi9sfZmg5vEl2Szwl/SH6CrkMRapl"},"senderMessageKeys":[]},{"senderKeyId":1378433507,"senderChainKey":{"iteration":1,"seed":"Y+x15nfh72vAnMKyTmi28ECSXH1eSrUwZdiEHLMDJ50="},"senderSigningKey":{"public":"BVwD61ZH3VqWFBm3r9hHeq1rGhi0JahMe7IhdhpSH98W"},"senderMessageKeys":[]},{"senderKeyId":1118189065,"senderChainKey":{"iteration":1,"seed":"xWFzG1+bC58NTUX1iHzJgUrir+NxJQHJcaDmUI8Wvhk="},"senderSigningKey":{"public":"Bamv1QR0t0F+w6TZd5KKVDq/On2EoqNfkgnX/L5Uvt0A"}},{"senderKeyId":973467699,"senderChainKey":{"iteration":1,"seed":"B4hJ3g4zpi+KLeumktuNI2r258saxPcOeoB6cCkcBLA="},"senderSigningKey":{"public":"BQa8QTQBdjN5dlN8hjBvJ5KE78wO1NZaqSzL7JlKq6pz"}}]