[{"senderKeyId":71804184,"senderChainKey":{"iteration":6,"seed":"Zp2cbduibsrrhtESkaBAp0az/6qyjnmCvmDjEbDSE2Y="},"senderSigningKey":{"public":"BX3UZTtkc3ISBySaei8nh+ly4AhOaqU06b7KEKDkoyZs"},"senderMessageKeys":[]},{"senderKeyId":1129725141,"senderChainKey":{"iteration":11,"seed":"VeW4HZTfDASEE8TM0r0r56t0EA/x5LU/ZhrdrZw8glI="},"senderSigningKey":{"public":"BaljuTMirkRlVs75Q6Gcoraeb8u4OwqoAOYap6VYkx1o"},"senderMessageKeys":[]},{"senderKeyId":843114526,"senderChainKey":{"iteration":97,"seed":"GPYqpkwxPX9yLJco0+8bpNOCDlifYkD0zBKib/YrsaI="},"senderSigningKey":{"public":"BZMbOnqosoHc3pHXeXcHjof0m3aX1U9SnBDzLZfMh2Ak"},"senderMessageKeys":[{"iteration":10,"seed":"8mlH82DEhM0djRBMa7Oho0SseiyAZS/93rYPHBVyleg="},{"iteration":11,"seed":"NwROaiCYFLACMh7q3zpciRIAZrI8wKeqpsiLd/P2Gek="}]}]