[{"senderKeyId":1762083846,"senderChainKey":{"iteration":7,"seed":"BDyGafSrZywYefMSdNRZoiLKrNMBtejbStUdelFW7m0="},"senderSigningKey":{"public":"BSSLNMa+NbNc5zO77j9UuqruZ7LhuZR2yb5tubhxxvkw"},"senderMessageKeys":[]},{"senderKeyId":1784704381,"senderChainKey":{"iteration":6,"seed":"HUcZKrTX/TwkV9RkKvdYLqWAmBi8SLv7RWStj2+6nuc="},"senderSigningKey":{"public":"BccJeHxCszmG5BYXQWnongkUb2VcSoKEXVZXyydPyXtf"},"senderMessageKeys":[]},{"senderKeyId":1715501214,"senderChainKey":{"iteration":10,"seed":"1kqPf+o3hjPTTBtUD8UQpK2gKqILswHxJDw1K2g+3cw="},"senderSigningKey":{"public":"BbZR5rg/Df0jiGEPF7NjcCD4lIMeKx5L7mEfMa83T+ZG"},"senderMessageKeys":[]},{"senderKeyId":1309758471,"senderChainKey":{"iteration":27,"seed":"snK/LnHiMbal0OHzA62pEWZVx6nVE2rj0Y1uyvusNng="},"senderSigningKey":{"public":"Bf8FdIZrId0f0ZmfLnRkq1Zz5RX2tM13iHeg1ifWM6FP"},"senderMessageKeys":[]},{"senderKeyId":1372146221,"senderChainKey":{"iteration":5,"seed":"I5Izxb4DbBltpQtOaOBNhUHAdpRJfaAl6qCHhdXT8vw="},"senderSigningKey":{"public":"BT/muveE76k2J67AIJzLcJrjUZLxi+CeOd9sDZd9rZQS"}}]