[{"senderKeyId":236730921,"senderChainKey":{"iteration":1,"seed":"sVZ+Wds7eKdFNh1XkeORmG+hrvEUH8104pck7FQchhI="},"senderSigningKey":{"public":"BdvyD5dMIB8twCSmg6q+oUW3KtwiLeQ7GRFkqQtCjWN4"},"senderMessageKeys":[]},{"senderKeyId":480234992,"senderChainKey":{"iteration":1,"seed":"YHd744M9GnA9q60O9bCMvskTTVSWvMu/W1W7I5mmlm4="},"senderSigningKey":{"public":"BWh12Sd8WouZjWOjS5DSyyktUS3GSDAn7DdBMCT7PN1L"}},{"senderKeyId":1813353012,"senderChainKey":{"iteration":1,"seed":"5Y9wsOEiDovs0SXC2O34TaMaVfv5enZglcY9bDF5Uzw="},"senderSigningKey":{"public":"BWnTrUMp+6iDdVOx84YHomGa2C+MEDOXuIb1sKlAvqhF"}}]