[{"senderKeyId":1411100367,"senderChainKey":{"iteration":2,"seed":"REvldEmYGVHqtvHbJXNr2OImVqBAmm50x1fdqwXputo="},"senderSigningKey":{"public":"BfQOswZ998G9wvXRpEJgZMCiN9NmgM8f7rCijWbGIGYg"},"senderMessageKeys":[]},{"senderKeyId":1411100367,"senderChainKey":{"iteration":0,"seed":"XTmaq7EqW6R50S2Wmi74hvIUetdMAzOXEktiJovYzWo="},"senderSigningKey":{"public":"BfQOswZ998G9wvXRpEJgZMCiN9NmgM8f7rCijWbGIGYg"},"senderMessageKeys":[]},{"senderKeyId":1411100367,"senderChainKey":{"iteration":0,"seed":"XTmaq7EqW6R50S2Wmi74hvIUetdMAzOXEktiJovYzWo="},"senderSigningKey":{"public":"BfQOswZ998G9wvXRpEJgZMCiN9NmgM8f7rCijWbGIGYg"},"senderMessageKeys":[]},{"senderKeyId":1411100367,"senderChainKey":{"iteration":0,"seed":"XTmaq7EqW6R50S2Wmi74hvIUetdMAzOXEktiJovYzWo="},"senderSigningKey":{"public":"BfQOswZ998G9wvXRpEJgZMCiN9NmgM8f7rCijWbGIGYg"},"senderMessageKeys":[]},{"senderKeyId":1411100367,"senderChainKey":{"iteration":0,"seed":"XTmaq7EqW6R50S2Wmi74hvIUetdMAzOXEktiJovYzWo="},"senderSigningKey":{"public":"BfQOswZ998G9wvXRpEJgZMCiN9NmgM8f7rCijWbGIGYg"}}]