[{"senderKeyId":1916925892,"senderChainKey":{"iteration":1,"seed":"sDsY3IYhsxabNUbQ5rzseVhe7+/AldAloXSEQUDSOKc="},"senderSigningKey":{"public":"BbAFkhyIjs2802EDGgcwxOxL0zHMPVBQwKyDejVISWtZ"},"senderMessageKeys":[]},{"senderKeyId":1844675638,"senderChainKey":{"iteration":1,"seed":"QGfmrvn60bwTtJbAWQ9NNcWbSsb3LxFXVKn4SI1WCQE="},"senderSigningKey":{"public":"Bb13131akXM5Psu55x0OauCLhqIBMF2Djh8LPDOUFVw3"},"senderMessageKeys":[]},{"senderKeyId":1931711875,"senderChainKey":{"iteration":1,"seed":"XeE9vkEQpV/v4209/CgsPdqdY6Y+khWcpc55/+g2zKM="},"senderSigningKey":{"public":"BaMSfocx4jWIb0WL35d7xXmxQ9cMXTLZ9cB/z+60iZN4"},"senderMessageKeys":[]},{"senderKeyId":997180199,"senderChainKey":{"iteration":1,"seed":"z0Z+PAPVGrThYgNUJR76LwYXaq0VCa4xj1z/fRzCrno="},"senderSigningKey":{"public":"BZ/3MI+i3gDyG4zG/pKyu1BIflJQQ/eEXCS41H4lW9YO"},"senderMessageKeys":[]},{"senderKeyId":1660784892,"senderChainKey":{"iteration":1,"seed":"apLi6KT1DxxWdBryNY5RBiWXkYF1pquDQSdp05ty3O8="},"senderSigningKey":{"public":"BXzZIkho1hccEJuL25FNFqkmwg4n+qCcs3497qSZRNhK"}}]