{"573505405617@s.whatsapp.net":true,"573505405617:55@s.whatsapp.net":true,"573505405617:57@s.whatsapp.net":true,"593985246135@s.whatsapp.net":true,"593985246135:19@s.whatsapp.net":true,"593985246135:21@s.whatsapp.net":true,"573176084059@s.whatsapp.net":true,"573143653514@s.whatsapp.net":true,"573209638190@s.whatsapp.net":true,"573246047197@s.whatsapp.net":true,"573235511923@s.whatsapp.net":true,"573123748629@s.whatsapp.net":true,"573017809201@s.whatsapp.net":true,"573147613276@s.whatsapp.net":true,"573023295230@s.whatsapp.net":true,"573118750188@s.whatsapp.net":true,"573118750188:2@s.whatsapp.net":true,"573225466313@s.whatsapp.net":true,"573019298742@s.whatsapp.net":true,"573133539595@s.whatsapp.net":true,"573045337532@s.whatsapp.net":true,"573163080463@s.whatsapp.net":true,"573103853601@s.whatsapp.net":true,"573123892134@s.whatsapp.net":true,"573145816134@s.whatsapp.net":true,"573007359834@s.whatsapp.net":true,"573218391713@s.whatsapp.net":true,"258876902674@s.whatsapp.net":true,"573148358744@s.whatsapp.net":true,"5219191446358@s.whatsapp.net":true,"573242505555@s.whatsapp.net":true,"573107372347@s.whatsapp.net":true,"51919578027@s.whatsapp.net":true,"51919578027:55@s.whatsapp.net":true,"51919578027:57@s.whatsapp.net":true,"573182555713@s.whatsapp.net":true,"573249818157@s.whatsapp.net":true,"573025326918@s.whatsapp.net":true,"573133287342@s.whatsapp.net":true,"573170998746@s.whatsapp.net":true,"573107475016@s.whatsapp.net":true,"573012393279@s.whatsapp.net":true,"573246000656@s.whatsapp.net":true,"573023017336@s.whatsapp.net":true,"573007500231@s.whatsapp.net":true,"5214811262063@s.whatsapp.net":true,"573226204658@s.whatsapp.net":true,"573005667468@s.whatsapp.net":true,"573223412913@s.whatsapp.net":true,"5219997635976@s.whatsapp.net":true,"573014747988@s.whatsapp.net":true,"573142929544@s.whatsapp.net":true,"573146430659@s.whatsapp.net":true,"593994869476@s.whatsapp.net":true,"573126830260@s.whatsapp.net":true,"573018437695@s.whatsapp.net":true,"573172918630@s.whatsapp.net":true,"573014660111@s.whatsapp.net":true,"573014660111:10@s.whatsapp.net":true,"5217223532945@s.whatsapp.net":true,"573244637502@s.whatsapp.net":true,"573502962488@s.whatsapp.net":true,"573118746642@s.whatsapp.net":true,"573042610805@s.whatsapp.net":true,"5219621118988@s.whatsapp.net":true,"573242421919@s.whatsapp.net":true,"573136627036@s.whatsapp.net":true,"573144505135@s.whatsapp.net":true,"573144505135:5@s.whatsapp.net":true,"573245976953@s.whatsapp.net":true,"56995690820@s.whatsapp.net":true,"573215697449@s.whatsapp.net":true,"573219706071@s.whatsapp.net":true,"573126592491@s.whatsapp.net":true,"51944430217@s.whatsapp.net":true,"573123519480@s.whatsapp.net":true,"573244437480@s.whatsapp.net":true,"573027816213@s.whatsapp.net":true,"573202400421@s.whatsapp.net":true,"573205481579@s.whatsapp.net":true,"573214074660@s.whatsapp.net":true,"573151094319@s.whatsapp.net":true,"573114335142@s.whatsapp.net":true,"5218129095786@s.whatsapp.net":true,"573136876640@s.whatsapp.net":true,"573025077700@s.whatsapp.net":true,"573134040558@s.whatsapp.net":true,"573023271175@s.whatsapp.net":true,"573122251662@s.whatsapp.net":true,"573146196384@s.whatsapp.net":true,"2349047530306@s.whatsapp.net":true,"573151753532@s.whatsapp.net":true,"573044425511@s.whatsapp.net":true,"573146107994@s.whatsapp.net":true,"593992069053@s.whatsapp.net":true,"573026370519@s.whatsapp.net":true,"573106849054@s.whatsapp.net":true,"5215665216130@s.whatsapp.net":true,"5215562069343@s.whatsapp.net":true,"573116488382@s.whatsapp.net":true,"584126954047@s.whatsapp.net":true,"573222521714@s.whatsapp.net":true,"573202971882@s.whatsapp.net":true,"573202971882:2@s.whatsapp.net":true,"573241298034@s.whatsapp.net":true,"573103529932@s.whatsapp.net":true,"573012628744@s.whatsapp.net":true,"573143351174@s.whatsapp.net":true,"573044055714@s.whatsapp.net":true,"573169701453@s.whatsapp.net":true,"573245132112@s.whatsapp.net":true,"573246444138@s.whatsapp.net":true,"573223941531@s.whatsapp.net":true,"573023305790@s.whatsapp.net":true,"573203250342@s.whatsapp.net":true,"573127995255@s.whatsapp.net":true,"573114737515@s.whatsapp.net":true,"573002694705@s.whatsapp.net":true,"573245544903@s.whatsapp.net":true,"573161678182@s.whatsapp.net":true,"573224748473@s.whatsapp.net":true}