[{"senderKeyId":681294629,"senderChainKey":{"iteration":0,"seed":"jrFOktar2AiNNpVgNkESpwv/7vYgsjk2rUjoIk/MxsY="},"senderSigningKey":{"public":"BTP2ugkXGzSlWiet3vGrQEQ8zZzlll1H0z3MXNvKPo1e"},"senderMessageKeys":[]},{"senderKeyId":369927990,"senderChainKey":{"iteration":1,"seed":"B0Z9Nu++B3XoOoT8fk/IPj6cpf6lGyUWP5qHFBEyuTE="},"senderSigningKey":{"public":"BZX/FUxS9n8lkyyF5Nesywb436DGvXuutBCU2hOsaGYB"},"senderMessageKeys":[]},{"senderKeyId":928457659,"senderChainKey":{"iteration":1,"seed":"/uB79sZPdhi5I5iKUfYv3wPG5XCEkkFk8roNeJMFUwY="},"senderSigningKey":{"public":"BZvVF05knjQam0cNSxpVusk16+dy4wcJipOVaNBzLLoK"}}]