[{"senderKeyId":633795963,"senderChainKey":{"iteration":3,"seed":"6gp+8d6Gmwk/y9MONfwXiqzGuAsSqFx5UQ1R1HZ4gCI="},"senderSigningKey":{"public":"BRd7kgRPYoOZ/h3FiqQJioeNLtTFVYtn7bIA4zAiaK5v"},"senderMessageKeys":[]},{"senderKeyId":791662854,"senderChainKey":{"iteration":1,"seed":"uzXdCBhWUoOKIgURcAvR8azmywpGNSFaZQ/liltWjKA="},"senderSigningKey":{"public":"BXc/E1+lO1D75u5qqCL8tFBAoU3oLdGZb+Usw5OQfEYC"},"senderMessageKeys":[]},{"senderKeyId":870723058,"senderChainKey":{"iteration":10,"seed":"LMFN5sB1arDmrgZY1V1ZZ408pz+tUwkzyMwQlUjvIp0="},"senderSigningKey":{"public":"BexCoAJy7Z0JzxUPVz9FBjsKwq5rNl9BJA6nhF9EZyl0"},"senderMessageKeys":[]},{"senderKeyId":1869042124,"senderChainKey":{"iteration":3,"seed":"dQw9s9dzvxR4XYTqq8CDesE8R0fDcdoUzc82bGRMbh0="},"senderSigningKey":{"public":"BcCZbbAfg5af/H9WAvEtzhb8FSkVT3wWW+vtz4HwXDxA"},"senderMessageKeys":[]}]