[{"senderKeyId":902614307,"senderChainKey":{"iteration":1,"seed":"5bZ8EIbVt9iE3YOLo6k91ZY2DgCSQC7cHBSNPdLEYmE="},"senderSigningKey":{"public":"BRnlTtMR00chGwMFM1Tvqqrn3MsCSc8qpOzDRxCztQpX"},"senderMessageKeys":[]},{"senderKeyId":1177274896,"senderChainKey":{"iteration":1,"seed":"KaX6jxD2EwL8i0nphKdsPS15PoK0KAqiwssCYEgsLrY="},"senderSigningKey":{"public":"BSv3p3fF16NXDO03kYvgkjUadyTjrTY7PEJ31FyvhOAT"},"senderMessageKeys":[]},{"senderKeyId":143409085,"senderChainKey":{"iteration":1,"seed":"UBb5wWErPS2iVgOhQuLukv7EzCyiHdr4LdyFTqOeLso="},"senderSigningKey":{"public":"BeWIGzkuM43H05SJbXQ/rLcXrXzpIJqLc56vgUALIJ83"}}]