[{"senderKeyId":755055774,"senderChainKey":{"iteration":4,"seed":"zbtDskWtSt2+KibRHtPEnYnzOsmJxBkR5f3w8doKN9w="},"senderSigningKey":{"public":"Bed6s/KyMCRxApBVs53OqbjFZ1+QaE7qTD5iTe4snXYi"},"senderMessageKeys":[]},{"senderKeyId":755055774,"senderChainKey":{"iteration":1,"seed":"i1b2DT5D4LFv2MUAipcNEMI+UBFi9OibZeaKYziObrw="},"senderSigningKey":{"public":"Bed6s/KyMCRxApBVs53OqbjFZ1+QaE7qTD5iTe4snXYi"},"senderMessageKeys":[]},{"senderKeyId":755055774,"senderChainKey":{"iteration":2,"seed":"kbwDDT+Geao/pN/LCvt4h7rHsK4c/NHZcd0LiI7xm7U="},"senderSigningKey":{"public":"Bed6s/KyMCRxApBVs53OqbjFZ1+QaE7qTD5iTe4snXYi"},"senderMessageKeys":[]},{"senderKeyId":1305983918,"senderChainKey":{"iteration":37,"seed":"D7OnG2FzLxFN2M/FSv+Gb64MC/BjaK+ZtY+dix1Ve3A="},"senderSigningKey":{"public":"BRRShGcy/fhQCsiWcwW/URVgYMA3f61XkHR1oa0FZY1T"},"senderMessageKeys":[{}]}]