[{"senderKeyId":291780607,"senderChainKey":{"iteration":2,"seed":"wtkfNB1Re4NP7Tl4SqHCdEnj5OOwE8f4m7+SqnuWKng="},"senderSigningKey":{"public":"BVtLSTjJsvOkHyVQ8ZNFQE65Pl3BEsysd6QfKYy2ZLY1"},"senderMessageKeys":[]},{"senderKeyId":438542788,"senderChainKey":{"iteration":2,"seed":"6UKtkqhH2NpnFZ48k2i/LVwHuCh/8nQ7MzwvMeH8rz4="},"senderSigningKey":{"public":"BZCQWHlbThihSmfbtUe7A3jH3qVWzCqk4Qv/EXSHOeJx"},"senderMessageKeys":[]},{"senderKeyId":2136131253,"senderChainKey":{"iteration":1,"seed":"GhhNRWLr8Zz03MwSdep5P/J0m1O60/rlKwYaTUQc//Y="},"senderSigningKey":{"public":"BXowmIpEsF/QXT8ZMhCXsp5v6zzeLQv6a1ja3LDi9EV6"}},{"senderKeyId":1191766899,"senderChainKey":{"iteration":8,"seed":"c80egtOMblRqCEp4jQsuxTRRa6VR5IjBwPX/kq5kxuQ="},"senderSigningKey":{"public":"BQul2LnkFkfin80fKqoUiusCCzr1lTGQosze2o4fv49E"}},{"senderKeyId":18065928,"senderChainKey":{"iteration":3,"seed":"4dHRbBIil85Rx54L59ulxgb2s589GAGhELGAQUutAYg="},"senderSigningKey":{"public":"BYRGHTx/GhBHjqR99NowsIYAY2XOuw4m8e2GZAjZPb40"}}]