[{"senderKeyId":1697520357,"senderChainKey":{"iteration":3,"seed":"Iw8N20cuEsOrVbZF2AKiTHZAi3lkgX0KazSDuheRkq8="},"senderSigningKey":{"public":"BUj+uHLxQcB76YmF6P0BvBa6JcqObXgNpUifC37lDSt3"},"senderMessageKeys":[]},{"senderKeyId":6061461,"senderChainKey":{"iteration":0,"seed":"S2METuQ034qf3o7K2JVA0OErt8PfUBXlGwYoSnzhuoc="},"senderSigningKey":{"public":"Bb8wtxsgjHhuUNqyAwgMEDplVGlxc4V61QRFHrkdz6wa"}},{"senderKeyId":6061461,"senderChainKey":{"iteration":0,"seed":"S2METuQ034qf3o7K2JVA0OErt8PfUBXlGwYoSnzhuoc="},"senderSigningKey":{"public":"Bb8wtxsgjHhuUNqyAwgMEDplVGlxc4V61QRFHrkdz6wa"}}]