[{"senderKeyId":41780076,"senderChainKey":{"iteration":0,"seed":"rAFxDRHEtBv8DmcrLHDw3rpdscnq9ZOjk3gql1tYa4g="},"senderSigningKey":{"public":"BcuK3bt/jV8WP39p3jGr8M7wGN5LfSZjqpTiXRt3ESx1"}},{"senderKeyId":41780076,"senderChainKey":{"iteration":0,"seed":"rAFxDRHEtBv8DmcrLHDw3rpdscnq9ZOjk3gql1tYa4g="},"senderSigningKey":{"public":"BcuK3bt/jV8WP39p3jGr8M7wGN5LfSZjqpTiXRt3ESx1"}},{"senderKeyId":41780076,"senderChainKey":{"iteration":0,"seed":"rAFxDRHEtBv8DmcrLHDw3rpdscnq9ZOjk3gql1tYa4g="},"senderSigningKey":{"public":"BcuK3bt/jV8WP39p3jGr8M7wGN5LfSZjqpTiXRt3ESx1"}},{"senderKeyId":41780076,"senderChainKey":{"iteration":0,"seed":"rAFxDRHEtBv8DmcrLHDw3rpdscnq9ZOjk3gql1tYa4g="},"senderSigningKey":{"public":"BcuK3bt/jV8WP39p3jGr8M7wGN5LfSZjqpTiXRt3ESx1"}},{"senderKeyId":41780076,"senderChainKey":{"iteration":0,"seed":"rAFxDRHEtBv8DmcrLHDw3rpdscnq9ZOjk3gql1tYa4g="},"senderSigningKey":{"public":"BcuK3bt/jV8WP39p3jGr8M7wGN5LfSZjqpTiXRt3ESx1"}}]