[{"senderKeyId":1417862177,"senderChainKey":{"iteration":0,"seed":"akzySCEM+060sCWnW+7G6eP6SBrUNx132EwS/OYSIEA="},"senderSigningKey":{"public":"BZPv/ITpdAwwjjuThb5vtXdoblnjnhs56wlLkHp8wpwM"}},{"senderKeyId":1417862177,"senderChainKey":{"iteration":0,"seed":"akzySCEM+060sCWnW+7G6eP6SBrUNx132EwS/OYSIEA="},"senderSigningKey":{"public":"BZPv/ITpdAwwjjuThb5vtXdoblnjnhs56wlLkHp8wpwM"}},{"senderKeyId":1417862177,"senderChainKey":{"iteration":0,"seed":"akzySCEM+060sCWnW+7G6eP6SBrUNx132EwS/OYSIEA="},"senderSigningKey":{"public":"BZPv/ITpdAwwjjuThb5vtXdoblnjnhs56wlLkHp8wpwM"}},{"senderKeyId":1417862177,"senderChainKey":{"iteration":0,"seed":"akzySCEM+060sCWnW+7G6eP6SBrUNx132EwS/OYSIEA="},"senderSigningKey":{"public":"BZPv/ITpdAwwjjuThb5vtXdoblnjnhs56wlLkHp8wpwM"}},{"senderKeyId":1417862177,"senderChainKey":{"iteration":0,"seed":"akzySCEM+060sCWnW+7G6eP6SBrUNx132EwS/OYSIEA="},"senderSigningKey":{"public":"BZPv/ITpdAwwjjuThb5vtXdoblnjnhs56wlLkHp8wpwM"}}]