[{"senderKeyId":796416927,"senderChainKey":{"iteration":1,"seed":"Y6LiMSNNMKWoA1A+4oLLDvx09Wq0J7scDT3JwOOU0ls="},"senderSigningKey":{"public":"BUSomCb7KhQh2jbukGqxS11FbegNKmcnT7nkPup/DN9x"}},{"senderKeyId":1862501407,"senderChainKey":{"iteration":1,"seed":"Qy5v12M72P09cGWmDciGm1q3yXC9E4Pu+IsZsNbuB7c="},"senderSigningKey":{"public":"BX4RRFNlGDV0mA6mJpTUD7FEK2ViwqzIM+cCFZKOxFtp"}},{"senderKeyId":1324642372,"senderChainKey":{"iteration":1,"seed":"KPlPewPlQ9Z0YR/FGYoHAb8862QGvdpW85EYnFFUvzg="},"senderSigningKey":{"public":"BaBnZSJyBHhR4SiJdkAIc5nTzflz0Q+CCxr5sHfu+EAS"}}]