[{"senderKeyId":1222337675,"senderChainKey":{"iteration":3,"seed":"oylcZAVk1eCvetOs/c9yF+rpejA/nhQ9J0PuA6sezKk="},"senderSigningKey":{"public":"Bcr2y2xXLkAfjmAqr8SjfeCUaPM6xDT3cYukf2gc5lcE"},"senderMessageKeys":[]},{"senderKeyId":185910103,"senderChainKey":{"iteration":2,"seed":"HAIIDq0CF0YrcEhhFnC6rgekPTN1BHdIKmq1zSv1+Sw="},"senderSigningKey":{"public":"BTNfbM57ii4cHCIyKV2ulzfASseiQbM9iWgrboXwfFth"},"senderMessageKeys":[]},{"senderKeyId":185910103,"senderChainKey":{"iteration":1,"seed":"PyO7o870hhrXyhDB7+uuf6CRsxFLfEIAT4A/9YZqO3Y="},"senderSigningKey":{"public":"BTNfbM57ii4cHCIyKV2ulzfASseiQbM9iWgrboXwfFth"}}]