[{"senderKeyId":1551882296,"senderChainKey":{"iteration":4,"seed":"/3qIu/x0lpCKOhqwrk2nhIzLZXfCkAVMwSQZE1hVhC4="},"senderSigningKey":{"public":"BbyQhkU7kmu1dP7IoxoDNjHG7YJyJAkVuHdOoprYar4F"},"senderMessageKeys":[]},{"senderKeyId":1388236181,"senderChainKey":{"iteration":26,"seed":"uhgYfyTDmsWVd1YgbxkpsmfaxXZB8H6hDj2zDn0/mgA="},"senderSigningKey":{"public":"BScc3uAY4ZsbN9IRYFnKt37ZrV+a5gW5LZiM2x4SI3dT"},"senderMessageKeys":[]},{"senderKeyId":753005515,"senderChainKey":{"iteration":35,"seed":"vFmLmkFZTEEzw1QJScz7ysLhRBMGhztCVa/9AO8E4c0="},"senderSigningKey":{"public":"BQmj3/I7bDVRa7ru34vyUv8O9XVKi2w8XczC3FJluqpL"},"senderMessageKeys":[{},{},{},{},{}]},{"senderKeyId":753005515,"senderChainKey":{"iteration":22,"seed":"g6DFKWKdJkXZFNSJ6IlidsqYIB+XLQUrEHPqpmHCBzE="},"senderSigningKey":{"public":"BQmj3/I7bDVRa7ru34vyUv8O9XVKi2w8XczC3FJluqpL"},"senderMessageKeys":[]},{"senderKeyId":753005515,"senderChainKey":{"iteration":35,"seed":"vFmLmkFZTEEzw1QJScz7ysLhRBMGhztCVa/9AO8E4c0="},"senderSigningKey":{"public":"BQmj3/I7bDVRa7ru34vyUv8O9XVKi2w8XczC3FJluqpL"}}]