[{"senderKeyId":965828938,"senderChainKey":{"iteration":10,"seed":"JU1sfLeQ20Sn3wjVNOZcFinGAd7/wdWNS1uv6btYkt8="},"senderSigningKey":{"public":"BR5lHcPwQ+ALP6W/rKy5pJ+KR0KQGXVHx51AxexjwRlU"},"senderMessageKeys":[]},{"senderKeyId":707905901,"senderChainKey":{"iteration":13,"seed":"5z6KK00TARmoU48Fxdoa8A0+VJ9GJd/2qPUYvATd6c0="},"senderSigningKey":{"public":"BernO6FI1xrNKSRjphjU+lUk4AGs5ghkPN826/7AkMRa"},"senderMessageKeys":[]},{"senderKeyId":737315109,"senderChainKey":{"iteration":26,"seed":"ETNxCI3MiD1a/2ZsetRqYyxRAjVheYadrsD5srO4fzo="},"senderSigningKey":{"public":"BXKmf58GmwNwJgEPAj6lP3tnVtqa9Att8esp8QMA0PUW"}},{"senderKeyId":1941927380,"senderChainKey":{"iteration":13,"seed":"avhMtpB+bylTa0VRlUvX4JmBdRuUIHwOdpX6m6FcbrY="},"senderSigningKey":{"public":"BSSNNiHcmzBhOBhyAvSdWj5ty3uo48J/2DT2COJ5p5lF"}}]