[{"senderKeyId":1513503371,"senderChainKey":{"iteration":0,"seed":"UMvMeAIjGbh2Q1PT+gx07SyDkE2/7QFlYkl2jzIShaw="},"senderSigningKey":{"public":"BdYcFET6JQXnE9zbo9L9qQvgBPmXoOOKbvBl8kjTfeon"}},{"senderKeyId":1513503371,"senderChainKey":{"iteration":0,"seed":"UMvMeAIjGbh2Q1PT+gx07SyDkE2/7QFlYkl2jzIShaw="},"senderSigningKey":{"public":"BdYcFET6JQXnE9zbo9L9qQvgBPmXoOOKbvBl8kjTfeon"}},{"senderKeyId":1513503371,"senderChainKey":{"iteration":0,"seed":"UMvMeAIjGbh2Q1PT+gx07SyDkE2/7QFlYkl2jzIShaw="},"senderSigningKey":{"public":"BdYcFET6JQXnE9zbo9L9qQvgBPmXoOOKbvBl8kjTfeon"}},{"senderKeyId":1513503371,"senderChainKey":{"iteration":0,"seed":"UMvMeAIjGbh2Q1PT+gx07SyDkE2/7QFlYkl2jzIShaw="},"senderSigningKey":{"public":"BdYcFET6JQXnE9zbo9L9qQvgBPmXoOOKbvBl8kjTfeon"}},{"senderKeyId":1513503371,"senderChainKey":{"iteration":0,"seed":"UMvMeAIjGbh2Q1PT+gx07SyDkE2/7QFlYkl2jzIShaw="},"senderSigningKey":{"public":"BdYcFET6JQXnE9zbo9L9qQvgBPmXoOOKbvBl8kjTfeon"}}]