[{"senderKeyId":937155213,"senderChainKey":{"iteration":1,"seed":"rei72FrlqyVnfMaDWHAXIVScQGyHGCkwPwkAWuHylzw="},"senderSigningKey":{"public":"BamPZAVdsu1E027SALPvoTdJkHa4o31KeYPKUa3EkUFq"},"senderMessageKeys":[]},{"senderKeyId":1005766195,"senderChainKey":{"iteration":4,"seed":"7p6BTQ1QVfU+B6qffZKy3GgZ+EEdrpbiW5y0zKQHUcM="},"senderSigningKey":{"public":"BZ038WBOCqTVUVOcyONROio1emSEPxvWGNXzXWu6dXlC"},"senderMessageKeys":[]},{"senderKeyId":370486904,"senderChainKey":{"iteration":1,"seed":"FnR6kI417eZlBOVrfOOAWCjew+6fjXnLzYxis8WiAL8="},"senderSigningKey":{"public":"BXgoyr0/9hGZUpgxajixcBLwHDIvYa0/45GdoVuXOspy"},"senderMessageKeys":[]},{"senderKeyId":554286350,"senderChainKey":{"iteration":6,"seed":"2zBGuiOXVzWIKo81SazAbQL5TKEAPG9J4OUcZOV3O6A="},"senderSigningKey":{"public":"BdtGEgH6vyQfSrTyGwRcRHT9/QCSWiWZAg6L/o4jc2t1"},"senderMessageKeys":[]},{"senderKeyId":2112943515,"senderChainKey":{"iteration":1,"seed":"ONeUeyY57yQsWyagokxDtB3YtV3zxMWPlu671oSiW8c="},"senderSigningKey":{"public":"BRMjC/MH3qoNlUXR1gkUkv4GXMKvM7E+sNmrO31eb3MR"}}]