[{"senderKeyId":1415043969,"senderChainKey":{"iteration":1,"seed":"wb084d7hQuYV9Sq6hiSWsrHog9ItVGOjxsbJH9/LUbk="},"senderSigningKey":{"public":"BUy9i2Ly/mRE27X9C25D088DFliaggtbBgTti6r09DBZ"}},{"senderKeyId":946752468,"senderChainKey":{"iteration":6,"seed":"9ZXcRpQr4ClyGur7ySlLKf2NPsFBtpFS39cpZLNgMb4="},"senderSigningKey":{"public":"BbyKAVsNfL/m0TRBryKbX9Fd1Vv3npjQYzLOap+UcZVH"}},{"senderKeyId":1204639734,"senderChainKey":{"iteration":8,"seed":"J6GIIDwM8SVyPngP5YytvZKZUHzaG84ktPFcxS9lpFg="},"senderSigningKey":{"public":"Be4crGZyD682WfvpFc1+Ho41yCIdjp0a4onFM0Agh3Us"}}]