[{"senderKeyId":657001319,"senderChainKey":{"iteration":1,"seed":"8y6Mo44MpIoJTgSeXm8XsYqnIuVhS1QEEx3LPGXFs8g="},"senderSigningKey":{"public":"BY2UB4Mq5iqa7BJOCploB056EyvhipzoO3yQIhpYakAQ"},"senderMessageKeys":[]},{"senderKeyId":676322310,"senderChainKey":{"iteration":5,"seed":"tDcsnBX9gCEv9T+DAdRpvYGhB2TlI9gdh9fnTPi2prM="},"senderSigningKey":{"public":"BQw+tqXFB132W9FcU+sKEYJ7xQ9tfv03TEpWcoU/RlcR"},"senderMessageKeys":[]},{"senderKeyId":495504944,"senderChainKey":{"iteration":3,"seed":"K+zYM+oAQtjN3DWTUtGEyBJdB9LEpOLh0Q1l5mws0B0="},"senderSigningKey":{"public":"BZ+4nnBWsCyidmXhBnyqdLYmDfgBakI5+6cyy7H/a70X"}},{"senderKeyId":495504944,"senderChainKey":{"iteration":1,"seed":"QB1WQkn04Q22O6lOeiTrs8vDd3pSnML+UaPW+hF3Mnw="},"senderSigningKey":{"public":"BZ+4nnBWsCyidmXhBnyqdLYmDfgBakI5+6cyy7H/a70X"}}]