[{"senderKeyId":1950219381,"senderChainKey":{"iteration":4,"seed":"OumzrnldRGgmFzURMoqosNi15O2mPncMx+1OSX9vSFs="},"senderSigningKey":{"public":"BWzCoQ16oZoq4w+J0jAVyUWhF+WBoBNDGlqCudR0vNtG"},"senderMessageKeys":[]},{"senderKeyId":529020112,"senderChainKey":{"iteration":7,"seed":"aP4wTLehNTxb7N++0ykX3SIbtzh6TRDxUkfOXy5i/Ns="},"senderSigningKey":{"public":"BXkubXKCnBrnt14/eoBlyO4e4Cn69QZIK4mON4bnSiA9"},"senderMessageKeys":[]},{"senderKeyId":2134735597,"senderChainKey":{"iteration":2,"seed":"Ijt7xLbHqWZGhy+SCft/qqm9Y2knb9dxMNy+PjJmBz8="},"senderSigningKey":{"public":"BVKfpGACY8wn9AiQ93h/RzunmFrmAxgH4I2Khbr6+ZBd"}}]