{"573505405617@s.whatsapp.net":true,"573505405617:55@s.whatsapp.net":true,"573505405617:57@s.whatsapp.net":true,"573505405617:61@s.whatsapp.net":true,"56950659729@s.whatsapp.net":true,"56950659729:3@s.whatsapp.net":true,"50433349396@s.whatsapp.net":true,"50433349396:5@s.whatsapp.net":true,"593978831247@s.whatsapp.net":true,"573166282640@s.whatsapp.net":true,"573166282640:1@s.whatsapp.net":true,"59162474838@s.whatsapp.net":true,"56976884272@s.whatsapp.net":true,"56966434744@s.whatsapp.net":true,"593963151093@s.whatsapp.net":true,"5214428545771@s.whatsapp.net":true,"5213327630451@s.whatsapp.net":true,"56945205444@s.whatsapp.net":true,"56999207570@s.whatsapp.net":true,"56999207570:34@s.whatsapp.net":true,"5219621431600@s.whatsapp.net":true,"5493425081668@s.whatsapp.net":true,"51960158367@s.whatsapp.net":true,"51960158367:29@s.whatsapp.net":true,"56963386237@s.whatsapp.net":true,"5219997840053@s.whatsapp.net":true,"5216644118315@s.whatsapp.net":true,"34668506022@s.whatsapp.net":true,"5215639474197@s.whatsapp.net":true,"573170055535@s.whatsapp.net":true,"5493751235103@s.whatsapp.net":true,"5217123387061@s.whatsapp.net":true,"51971667392@s.whatsapp.net":true,"56990726631@s.whatsapp.net":true,"51982481953@s.whatsapp.net":true,"51982481953:75@s.whatsapp.net":true,"5214351006933@s.whatsapp.net":true,"56951837812@s.whatsapp.net":true,"56958864487@s.whatsapp.net":true,"56987329025@s.whatsapp.net":true,"573006504378@s.whatsapp.net":true,"17869563410@s.whatsapp.net":true,"5216645396934@s.whatsapp.net":true,"34677370343@s.whatsapp.net":true,"50585295808@s.whatsapp.net":true,"5218331500175@s.whatsapp.net":true,"573205768628@s.whatsapp.net":true,"56958571564@s.whatsapp.net":true,"593978901862@s.whatsapp.net":true,"573226262682@s.whatsapp.net":true,"51915035079@s.whatsapp.net":true,"5493815042786@s.whatsapp.net":true,"593978818941@s.whatsapp.net":true,"593978818941:4@s.whatsapp.net":true,"5214341160189@s.whatsapp.net":true,"5214341160189:1@s.whatsapp.net":true,"573024267577@s.whatsapp.net":true,"18494064705@s.whatsapp.net":true,"5492215640917@s.whatsapp.net":true,"5492215640917:2@s.whatsapp.net":true,"56948765081@s.whatsapp.net":true,"56956705119@s.whatsapp.net":true,"56920899339@s.whatsapp.net":true,"51958492393@s.whatsapp.net":true,"59176225056@s.whatsapp.net":true,"573137243627@s.whatsapp.net":true,"50557013559@s.whatsapp.net":true,"51901288585@s.whatsapp.net":true,"5219624624445@s.whatsapp.net":true,"56984437218@s.whatsapp.net":true,"5493782557822@s.whatsapp.net":true,"5212311447981@s.whatsapp.net":true,"5212311447981:7@s.whatsapp.net":true,"5212311447981:9@s.whatsapp.net":true,"5491154760121@s.whatsapp.net":true,"5491154760121:9@s.whatsapp.net":true,"5213531079829@s.whatsapp.net":true,"5216462711435@s.whatsapp.net":true,"50252470051@s.whatsapp.net":true,"593983273369@s.whatsapp.net":true,"593983273369:4@s.whatsapp.net":true,"59167395554@s.whatsapp.net":true,"56935904847@s.whatsapp.net":true,"5214881209454@s.whatsapp.net":true,"5217206335716@s.whatsapp.net":true,"51906417422@s.whatsapp.net":true,"5214851066308@s.whatsapp.net":true,"56938757751@s.whatsapp.net":true,"5353134257@s.whatsapp.net":true,"56964291081@s.whatsapp.net":true,"595973847621@s.whatsapp.net":true,"51919031855@s.whatsapp.net":true,"393497411839@s.whatsapp.net":true,"56966538322@s.whatsapp.net":true,"5492920509190@s.whatsapp.net":true,"56984908383@s.whatsapp.net":true,"5216531748689@s.whatsapp.net":true,"593992925166@s.whatsapp.net":true,"573011894636@s.whatsapp.net":true,"18092709768@s.whatsapp.net":true,"56937238390@s.whatsapp.net":true,"573103900353@s.whatsapp.net":true,"584249491853@s.whatsapp.net":true,"59165303688@s.whatsapp.net":true,"573044649170@s.whatsapp.net":true,"573508969394@s.whatsapp.net":true,"573150021895@s.whatsapp.net":true,"5215656852420@s.whatsapp.net":true,"5219191637484@s.whatsapp.net":true,"584145352841@s.whatsapp.net":true,"5493875024270@s.whatsapp.net":true,"5493875024270:12@s.whatsapp.net":true,"56935857555@s.whatsapp.net":true,"50249074340@s.whatsapp.net":true,"5351451618@s.whatsapp.net":true,"56967351575@s.whatsapp.net":true,"51977116288@s.whatsapp.net":true,"51982481953:77@s.whatsapp.net":true,"5218110763523@s.whatsapp.net":true,"5215643577370@s.whatsapp.net":true,"5218145125905@s.whatsapp.net":true,"5215547135790@s.whatsapp.net":true,"584163305176@s.whatsapp.net":true,"66917543842@s.whatsapp.net":true,"2348157398403@s.whatsapp.net":true,"573204010728@s.whatsapp.net":true,"51927374733@s.whatsapp.net":true,"584128209354@s.whatsapp.net":true,"5493644357232@s.whatsapp.net":true,"50242503551@s.whatsapp.net":true,"573027428514@s.whatsapp.net":true,"5217181151337@s.whatsapp.net":true,"5351120207@s.whatsapp.net":true,"5213337792315@s.whatsapp.net":true,"573117209578@s.whatsapp.net":true,"5217223756110@s.whatsapp.net":true,"18096324689@s.whatsapp.net":true,"584244363144@s.whatsapp.net":true,"50360282038@s.whatsapp.net":true,"5215668035407@s.whatsapp.net":true,"5215611289858@s.whatsapp.net":true,"59898424240@s.whatsapp.net":true,"50371966342@s.whatsapp.net":true,"14013763605@s.whatsapp.net":true,"5215535301578@s.whatsapp.net":true,"50256245379@s.whatsapp.net":true,"593968194809@s.whatsapp.net":true,"593992925166:2@s.whatsapp.net":true,"5492212262027@s.whatsapp.net":true,"573102949164@s.whatsapp.net":true,"5219611371597@s.whatsapp.net":true,"5493813511675@s.whatsapp.net":true,"50254900615@s.whatsapp.net":true,"5219533701029@s.whatsapp.net":true,"34682651250@s.whatsapp.net":true,"59168678306@s.whatsapp.net":true,"51900670039@s.whatsapp.net":true,"5218343118487@s.whatsapp.net":true,"5491125386310@s.whatsapp.net":true,"584145838670@s.whatsapp.net":true,"51985857531@s.whatsapp.net":true,"50767758715@s.whatsapp.net":true,"5216673585235@s.whatsapp.net":true,"5218112717639@s.whatsapp.net":true}