[{"senderKeyId":351051449,"senderChainKey":{"iteration":62,"seed":"sI/areFvixF9ywMGcp3xRorl7hqM7z425HAbzeFhW/0="},"senderSigningKey":{"public":"BWHim7a23OpeUHON9Waf4vHJ3vW6MaJAalvuRLE285pE"},"senderMessageKeys":[]},{"senderKeyId":1164068297,"senderChainKey":{"iteration":2,"seed":"CtLagU5e7rdC1SDWlJwbYiSklUPYY3RRuZjkO0/BQC4="},"senderSigningKey":{"public":"Bej/7FXoM6YjQ87J5O+KS5HDPnoRpzAXm3mQ7ynZCD4c"},"senderMessageKeys":[]},{"senderKeyId":1541174102,"senderChainKey":{"iteration":4,"seed":"B1AkTF2ZTTxiXKWH1ggciEGrsUR/kL2ViBqT3pVnkds="},"senderSigningKey":{"public":"BdUEItaP/Xawm8burSfGRM1hC3zSCOq84PoG/Ir/V4lm"},"senderMessageKeys":[]},{"senderKeyId":2109579026,"senderChainKey":{"iteration":10,"seed":"NV55pEuxKsaOCcvMBAmp0MHNC7wz/JlQmcFbHNQ1+V0="},"senderSigningKey":{"public":"BUeRnW/DdRFu2mHTFbiH7XddxZTNoDW9a4sB0rRypshm"},"senderMessageKeys":[]},{"senderKeyId":712187791,"senderChainKey":{"iteration":4,"seed":"VT7H71nI3mg0Hay853QutNVZ7lbBcjvHHADmHTkCOXg="},"senderSigningKey":{"public":"BeqmA51BAPeXdXubdL6/RdWAReaFgval3NUSIG1wgxlp"}}]