[{"senderKeyId":161404598,"senderChainKey":{"iteration":1,"seed":"V9znwIXo7HqW9mmffFB4sZ/17Xg/XAWQ/RKPWEcr6DA="},"senderSigningKey":{"public":"BQ451BNNd9ZuyPbGwzaESyOviqECkVlggh718xc6cuos"}},{"senderKeyId":2144793436,"senderChainKey":{"iteration":1,"seed":"JjMd7tHA2zUevmPJrTN671YPKHdlX/Yx2ir6YJHtFa8="},"senderSigningKey":{"public":"BQp0Gc8Ra2wW1P/gYCSOTZIy5aqhucHYdtqBoTNTeFhY"}},{"senderKeyId":644751203,"senderChainKey":{"iteration":7,"seed":"FtAcrZykTexnmYCtvAy7pp6HxpYnOT+l+SA/G5hLWzw="},"senderSigningKey":{"public":"BSDD3PgSdGhomw+1c0zSiizRhbK+4u/skFOja2QuBqM5"},"senderMessageKeys":[{"iteration":1,"seed":"wdcvhpSdoWLqonbIX1ZTj0qNhTR0DldKD+Jg+JxV2KM="}]},{"senderKeyId":644751203,"senderChainKey":{"iteration":2,"seed":"Y0hZud5HZ0PJJH7flfjWsG+XWjmlcyVlflwYMraC+KQ="},"senderSigningKey":{"public":"BSDD3PgSdGhomw+1c0zSiizRhbK+4u/skFOja2QuBqM5"}},{"senderKeyId":644751203,"senderChainKey":{"iteration":5,"seed":"FZrmWTsYPSlIR74H+bATOTktoZWpWxL74X8mLcU9PWA="},"senderSigningKey":{"public":"BSDD3PgSdGhomw+1c0zSiizRhbK+4u/skFOja2QuBqM5"}}]