[{"senderKeyId":744472242,"senderChainKey":{"iteration":17,"seed":"/2rPkKluGug+iCwTykJigTzHdGobkefs2KYcm6JPCnI="},"senderSigningKey":{"public":"Bd+HwD53ke/4CRYPytVKjs6IZiBqRqwWbaRM5ejSKsAm"},"senderMessageKeys":[]},{"senderKeyId":1206825079,"senderChainKey":{"iteration":4,"seed":"f9eMOl/Q24o/n5qSUm23A5oQXj+a7DaIu+ZFiAYNhrY="},"senderSigningKey":{"public":"BYomt2Sf0y1g5KK85L69D3HN6s0VPu4+JbLBpqaoE7sv"},"senderMessageKeys":[]},{"senderKeyId":1206825079,"senderChainKey":{"iteration":1,"seed":"uPWj2KqkNNHuYC9/QMyWKmZdIMiLBKKciYFqkUkOJfE="},"senderSigningKey":{"public":"BYomt2Sf0y1g5KK85L69D3HN6s0VPu4+JbLBpqaoE7sv"},"senderMessageKeys":[]},{"senderKeyId":917505682,"senderChainKey":{"iteration":1,"seed":"B08QD5+kmHZGgnwupDkgx9MteWaOnYWoKioemxj0o9c="},"senderSigningKey":{"public":"BS431vX0UhPQ17OikGN7lQSdB5dEoic6bntX9LAqnHoy"},"senderMessageKeys":[]},{"senderKeyId":965466819,"senderChainKey":{"iteration":0,"seed":"NtPhi5RF1FfVZqcUPSvfuC4pWe5wWXfwWBHYKWpwY7E="},"senderSigningKey":{"public":"BVvv31dEj/xvUKa3UGHGbc52sWEr0sKT9Ih1bAZ5BbpT"}}]