[{"senderKeyId":1086763117,"senderChainKey":{"iteration":5,"seed":"VxR+6ykKhgrnI7/eko06J/hmZauNA2r0Qg1haOwyCoQ="},"senderSigningKey":{"public":"BZfDkrok60qsFbZ7OvSe5Jyc/LFc96BkAeo1pwC7XWJv"},"senderMessageKeys":[{"iteration":2,"seed":"/5Z2zUadDamylNgPrr6kiSnpDjRX9unO8rs+9YetlDY="}]},{"senderKeyId":1659149939,"senderChainKey":{"iteration":6,"seed":"wfGolBqPpCk4mlDVvLN660W2SoFJO9X4XuJeULQLiA4="},"senderSigningKey":{"public":"BZwd0xilQAA8QnJtTY3O1W/XuSBTzwqG0pDD6XN0ol0n"},"senderMessageKeys":[{"iteration":4,"seed":"65fgn5ySrkAhcdU2F+82VVXObwo3prSE9yt0g+mDq1Y="}]},{"senderKeyId":1513763007,"senderChainKey":{"iteration":7,"seed":"xh5xRImp1m4woKxuNiKe3jTmV+73FCajjr9kpFNZ/Pc="},"senderSigningKey":{"public":"BVBUtCsslXmEIJovN9ZcaFi8bjClytMQaemE7ffqT/ov"}}]