[{"senderKeyId":131448015,"senderChainKey":{"iteration":2,"seed":"RA9Nw236tv2PNTDLe9Qr+F6deLoOaBYAibqAcNfsYYk="},"senderSigningKey":{"public":"BQ/wnMwU6cLoT6qagiJxty9GzEa716u0tA1VY8vygopX"},"senderMessageKeys":[]},{"senderKeyId":1673177948,"senderChainKey":{"iteration":2,"seed":"whJx3m4lbkvO24xhAsTlVv8wT5Vna66/NnaKR/SliK4="},"senderSigningKey":{"public":"BX1rs0zoThA8dp4vW4A8hP9M2Uu1R0+3QMG2AxPOWTFg"},"senderMessageKeys":[]},{"senderKeyId":146328329,"senderChainKey":{"iteration":13,"seed":"DLqTNLPt5fexsphawmYVMkoZqpYZRwtpE7DxPsb/C2c="},"senderSigningKey":{"public":"Bbtghe+q3bch5jUBsiXg18FSUSfYpDxCs/qSSjmY+U4a"},"senderMessageKeys":[]},{"senderKeyId":824728149,"senderChainKey":{"iteration":15,"seed":"e6me3QzaRox2C+cKZyzICe6AGXvD7msnu3NrZBoP4O0="},"senderSigningKey":{"public":"BeeoN6znUmOcDwEjcaPw7/Aq9Mg6xRZ7elVLHGlMqcoR"},"senderMessageKeys":[]},{"senderKeyId":19219362,"senderChainKey":{"iteration":7,"seed":"ZCEI53XBoAigVLIPN0QJ67yzZKyLMTUn2FzKPENfGEA="},"senderSigningKey":{"public":"BduJmX2rdKS9kua2B4RhNkfnDHg89XNbJRBJQvGGgEA0"}}]