[{"senderKeyId":230602725,"senderChainKey":{"iteration":5,"seed":"cw07Zbxwb4g7AeF4FFo9t1k7NgulNl9X0XnIXx3AuM8="},"senderSigningKey":{"public":"BW+pYLzoxopP94b18kKAWlSot+Xa8JgRdTFKGil/LOcC"},"senderMessageKeys":[]},{"senderKeyId":467912091,"senderChainKey":{"iteration":2,"seed":"0IN9XVdvwX/SK91asjCvTM0P9fV/oe7GyzTG8sMlXwU="},"senderSigningKey":{"public":"BQ7LqrlKswtojxWVfbiDtprE6Z5vx3ep1S6kdPl+gnJg"},"senderMessageKeys":[]},{"senderKeyId":1905466141,"senderChainKey":{"iteration":5,"seed":"jKp9tdS0IcscFVNcerQBAum88kOl4P+wFZpMjhT3Ets="},"senderSigningKey":{"public":"BT8xOqgalzps2JmWNN20wKXgT/2sL5eaW52KgVrClipV"},"senderMessageKeys":[]},{"senderKeyId":1366099828,"senderChainKey":{"iteration":3,"seed":"1Y+AIwiIwuXVA6GDykAwutGjYE/iDn0ouOI9sHXjaaM="},"senderSigningKey":{"public":"BbiHTteZv9LoIlPf+LSfxEflUjwywTisFgbv+IWi5qpp"}},{"senderKeyId":1366099828,"senderChainKey":{"iteration":2,"seed":"AdVXD7uFCjWESjGCKEdwa52Qr37zJLv/J7qbtGdJm3g="},"senderSigningKey":{"public":"BbiHTteZv9LoIlPf+LSfxEflUjwywTisFgbv+IWi5qpp"}}]