[{"senderKeyId":1543947646,"senderChainKey":{"iteration":1,"seed":"hHATxmB2IORv68RCMT24AWf2BCfMrcjm15PK8whp2O8="},"senderSigningKey":{"public":"BVZDOhv3CMBly22lnPN7FK3iouZDpjT+R+5i2iLoLgpv"}},{"senderKeyId":1049629257,"senderChainKey":{"iteration":29,"seed":"AVgA7ppCIXeVZYsR+zgOkFOeQZzEHkOMpuXgLGxqbYw="},"senderSigningKey":{"public":"BdApIM3rCrKzREIvF3yvoN6B0hscc4EdBWnrL403ncZU"}},{"senderKeyId":1049629257,"senderChainKey":{"iteration":1,"seed":"n1L+0mGHIbnB4Yn/9hXt1ZSy/iWrVZ4TDsT6pSbfVfk="},"senderSigningKey":{"public":"BdApIM3rCrKzREIvF3yvoN6B0hscc4EdBWnrL403ncZU"}},{"senderKeyId":1625522453,"senderChainKey":{"iteration":12,"seed":"5GoRV7UtLFsdVp3fefXZmPki11GBsEXPqM35dpFCjpk="},"senderSigningKey":{"public":"BY+NWtytgj3sJzjLHDo2rqQ37Nh6KTa5f6ZyYP6cwlpU"}},{"senderKeyId":1569698428,"senderChainKey":{"iteration":1,"seed":"IIIsrIHgyqLQKID6XlWFE1RAMHg77SiVmMwda0ONffs="},"senderSigningKey":{"public":"BdrEzAwnDd/gwZBK6Q5CpyIVeQlMFw/f7+zgqFYdEf0o"}}]