[{"senderKeyId":1920992604,"senderChainKey":{"iteration":4,"seed":"BrQeM+d++JC/LV7oLdt/0cIH8bWApQy4Bvb+T1YKAxA="},"senderSigningKey":{"public":"BdjezR12DYvq1U2FUzjA0348drp0XeQhrxpnt0HgkgtA"},"senderMessageKeys":[]},{"senderKeyId":860095380,"senderChainKey":{"iteration":3,"seed":"0bqG6LZKVmtqtah43RLDaBowR4NTkCqktA9fSneXos4="},"senderSigningKey":{"public":"BfHP8cRB978I7n95FhkBYDGo0cR6g9celzTA2iIqUQZ9"},"senderMessageKeys":[]},{"senderKeyId":1769604780,"senderChainKey":{"iteration":2,"seed":"h+dRcrCUoJKgQOgKWnVEcORz/EQ5FcaJggmnQ8vXa6U="},"senderSigningKey":{"public":"BcoDtCTJiXK3735FhPNRxhhwxCO/msPlzz8yBMHEP3cv"},"senderMessageKeys":[]},{"senderKeyId":841599539,"senderChainKey":{"iteration":4,"seed":"RxxlnAIQRNIaEZC+jF4wQxsCuYPrz/cVxisKTaO/xkA="},"senderSigningKey":{"public":"BYpV1OUfr6RpWQeIZzvJC6zx01//3Thlnv4zYDGBh4w/"}},{"senderKeyId":331440304,"senderChainKey":{"iteration":3,"seed":"7WLg0KEMaYvNXtoH8C7ovCtCs3xlAd8kjIR6nEn5FPE="},"senderSigningKey":{"public":"BfjJLBKtyHg78ncNGlYXo5Ybku1cWz+zOnmHcLpdvBI2"}}]