[{"senderKeyId":640572193,"senderChainKey":{"iteration":47,"seed":"DuewL0mciaBlL2jlkpIItHIyatu4K4sLTN11RbtZPy4="},"senderSigningKey":{"public":"BeLug/qwyOZ/IaBxWTWAj5W51JGnumnRAfQYqC3Q0/01"},"senderMessageKeys":[]},{"senderKeyId":499304240,"senderChainKey":{"iteration":4,"seed":"YNljSi3AWKK4qXZn7tYEja9Tix7PFiBrnchhcWQdgBs="},"senderSigningKey":{"public":"Be8cbCiJd9kCE+aAB0nrQILCZiGt16YtIDvzSOa/Ng5v"},"senderMessageKeys":[]},{"senderKeyId":1536574477,"senderChainKey":{"iteration":3,"seed":"ij+1V3OURSrJtlXG2Ibs/ghIq/u0NH1AhhPYIEx4Wrg="},"senderSigningKey":{"public":"BQSvTzzv7iL0EYuFB9DLUy1FD9bnpurw02XO8Dmc8eVb"},"senderMessageKeys":[]},{"senderKeyId":1431302442,"senderChainKey":{"iteration":28,"seed":"3riR3S77EIrBifna+2z9bv9P5pAIrznFLnYtbWSI5G0="},"senderSigningKey":{"public":"BS7UC4TyKxaKUv7C+5b/q8EaJD11ebyVdbXznMXHqjE4"},"senderMessageKeys":[]},{"senderKeyId":2145792951,"senderChainKey":{"iteration":5,"seed":"5nNyjPEtVXId2DT9ZBkVtgzXP3ckV+F0D/9UB3WYKms="},"senderSigningKey":{"public":"Betj6WucJmVlAVhZU1k1QdPmV0VgLwNVnducbMjnMDp0"},"senderMessageKeys":[]}]