[{"senderKeyId":688415225,"senderChainKey":{"iteration":19,"seed":"MvhC0PMxvP6+r3MwEVz5iM3louoAgWhXrV1v09/Lx38="},"senderSigningKey":{"public":"BVRSenQA7PAjsqWNuxQeDEmR6EJzDmaRb+AMEGm/1Idt"},"senderMessageKeys":[]},{"senderKeyId":688415225,"senderChainKey":{"iteration":10,"seed":"81oDaXgFHDoh+Bgfn1+fYAbRxGhbBEmfQL8QS2AZ0ew="},"senderSigningKey":{"public":"BVRSenQA7PAjsqWNuxQeDEmR6EJzDmaRb+AMEGm/1Idt"},"senderMessageKeys":[]},{"senderKeyId":688415225,"senderChainKey":{"iteration":10,"seed":"81oDaXgFHDoh+Bgfn1+fYAbRxGhbBEmfQL8QS2AZ0ew="},"senderSigningKey":{"public":"BVRSenQA7PAjsqWNuxQeDEmR6EJzDmaRb+AMEGm/1Idt"},"senderMessageKeys":[]},{"senderKeyId":688415225,"senderChainKey":{"iteration":10,"seed":"81oDaXgFHDoh+Bgfn1+fYAbRxGhbBEmfQL8QS2AZ0ew="},"senderSigningKey":{"public":"BVRSenQA7PAjsqWNuxQeDEmR6EJzDmaRb+AMEGm/1Idt"},"senderMessageKeys":[]},{"senderKeyId":688415225,"senderChainKey":{"iteration":10,"seed":"81oDaXgFHDoh+Bgfn1+fYAbRxGhbBEmfQL8QS2AZ0ew="},"senderSigningKey":{"public":"BVRSenQA7PAjsqWNuxQeDEmR6EJzDmaRb+AMEGm/1Idt"},"senderMessageKeys":[]}]