[{"senderKeyId":424944841,"senderChainKey":{"iteration":2,"seed":"uxvbr+fqWa4webzJHeclg4DWCbLBz6qbQGV42+qQWJs="},"senderSigningKey":{"public":"BVixiJRL2l0xPSTojmkC1ah3RIGsBvFYacf0bX2oa/sx"},"senderMessageKeys":[]},{"senderKeyId":326220512,"senderChainKey":{"iteration":1,"seed":"rWxEL2lcUircVxx5A8fPFMzFF9yVFxid+fc0mEiwaDc="},"senderSigningKey":{"public":"BT0PDO4JOq5sQ8mGg8kmRBqT3APkRNoM4k5SiLdsFaoK"},"senderMessageKeys":[]},{"senderKeyId":159976208,"senderChainKey":{"iteration":2,"seed":"Jbxh1DhPd2uVTDFnNRkTi6LWd1JQD6TeJht3A6wXU/k="},"senderSigningKey":{"public":"BZXJI9ZPk6MY8UbYmP8zVVQV/cAivwccQnWxmewU/yoO"}},{"senderKeyId":2113130543,"senderChainKey":{"iteration":10,"seed":"LDKl0nzgDesI0Fjk0UVk6LrTcb5OyhRAXxu+lJ6iPxU="},"senderSigningKey":{"public":"Bes4A6KMdjivCdAj5g/OWMFCQhB4saQKNdUuKTaTtX0k"}}]