[{"senderKeyId":1427694474,"senderChainKey":{"iteration":6,"seed":"u2u3oQathL1Y8apacNYUD8Y/B/uJEoyk5jlFuHu7i58="},"senderSigningKey":{"public":"BYspul4mHqinzWMVAtjMTfLU2cuQ8ytWvO8rbZ3XTWBT"},"senderMessageKeys":[]},{"senderKeyId":1427694474,"senderChainKey":{"iteration":1,"seed":"WWx0w4fiompBDXfFzmh+AB6HIVLiB/7ljs0EAJ5IhQw="},"senderSigningKey":{"public":"BYspul4mHqinzWMVAtjMTfLU2cuQ8ytWvO8rbZ3XTWBT"},"senderMessageKeys":[]},{"senderKeyId":1427694474,"senderChainKey":{"iteration":5,"seed":"p+hZUhI30r7DQUOp+2xGDeFhtlpOSExzx8ObSWzxgqs="},"senderSigningKey":{"public":"BYspul4mHqinzWMVAtjMTfLU2cuQ8ytWvO8rbZ3XTWBT"},"senderMessageKeys":[]},{"senderKeyId":1528992488,"senderChainKey":{"iteration":3,"seed":"XpeBBvipliKVbvtO706sWYtXT+sdmvDn+uW1tpE/jp0="},"senderSigningKey":{"public":"BQWcQnXpYR/FUgGuryl9JPQ+55uxjbrQqdGhTVlaL8t6"}}]