[{"senderKeyId":1392160532,"senderChainKey":{"iteration":3,"seed":"Hi3Sso08AeU2z/RQsV00TtaF9D05rAqaAGUeHfvfiMo="},"senderSigningKey":{"public":"BSvov+bMsCXz4mIqjuPB2nj2N/0QwWMTo7v0PYDVa6IB"}},{"senderKeyId":1392160532,"senderChainKey":{"iteration":3,"seed":"Hi3Sso08AeU2z/RQsV00TtaF9D05rAqaAGUeHfvfiMo="},"senderSigningKey":{"public":"BSvov+bMsCXz4mIqjuPB2nj2N/0QwWMTo7v0PYDVa6IB"}},{"senderKeyId":1392160532,"senderChainKey":{"iteration":3,"seed":"Hi3Sso08AeU2z/RQsV00TtaF9D05rAqaAGUeHfvfiMo="},"senderSigningKey":{"public":"BSvov+bMsCXz4mIqjuPB2nj2N/0QwWMTo7v0PYDVa6IB"}},{"senderKeyId":1392160532,"senderChainKey":{"iteration":3,"seed":"Hi3Sso08AeU2z/RQsV00TtaF9D05rAqaAGUeHfvfiMo="},"senderSigningKey":{"public":"BSvov+bMsCXz4mIqjuPB2nj2N/0QwWMTo7v0PYDVa6IB"}},{"senderKeyId":1392160532,"senderChainKey":{"iteration":3,"seed":"Hi3Sso08AeU2z/RQsV00TtaF9D05rAqaAGUeHfvfiMo="},"senderSigningKey":{"public":"BSvov+bMsCXz4mIqjuPB2nj2N/0QwWMTo7v0PYDVa6IB"}}]