[{"senderKeyId":402474028,"senderChainKey":{"iteration":2,"seed":"LmJDT/UEIDjN9LL7a/xKuc9eKJdv4+ySANIzZONLaAo="},"senderSigningKey":{"public":"BZvcvPYFqf+Qb1JaI4iCg7nJ7d2NE885aWBFN6VL290B"},"senderMessageKeys":[]},{"senderKeyId":216674929,"senderChainKey":{"iteration":3,"seed":"MXq/fGJR1o7wF4mA+PcRRZEWOT1IHqFHt1ZHWTSFM58="},"senderSigningKey":{"public":"BTInFOEMYyooekOV4qGHoi8Umgu691T3rco9JGcbnkNq"},"senderMessageKeys":[]},{"senderKeyId":1631581997,"senderChainKey":{"iteration":9,"seed":"KZNjJF7agct9RHAmT6EQhzLHXO0PLLXn25Bm1OSJ4lM="},"senderSigningKey":{"public":"BaKpjJ3mYdk6z4Pa81Wu0oRXaA+q5X6iIuOa8CoxHzYQ"},"senderMessageKeys":[]}]