[{"senderKeyId":1035997630,"senderChainKey":{"iteration":2,"seed":"SYkkt7kEQeYmPOrSL26YxP7ftqD3KvJk4dpPV2YlJGI="},"senderSigningKey":{"public":"BQ1yzf0q15Un7nVC5tcJz9Vsai30kuc+rTJyP2hIu1ww"},"senderMessageKeys":[]},{"senderKeyId":1035997630,"senderChainKey":{"iteration":1,"seed":"yWW3N0Lqjdl3rCY6LImuBbC32ntctgsVeG5YNybw5ro="},"senderSigningKey":{"public":"BQ1yzf0q15Un7nVC5tcJz9Vsai30kuc+rTJyP2hIu1ww"},"senderMessageKeys":[]},{"senderKeyId":2019226515,"senderChainKey":{"iteration":1,"seed":"8Dkq+YPoM07T1w+4wQcd8GFzFaB5hhfeUbVVKkaSa2k="},"senderSigningKey":{"public":"BeHrRVH9UU3shczTSQ6zRcrFDg4JdM3wc359QFNP4DBu"}}]