[{"senderKeyId":559082378,"senderChainKey":{"iteration":2,"seed":"f3st4Fm6U/5up5SmywDuddI+9PA08UL2GAHlF3R1L80="},"senderSigningKey":{"public":"BRGtInRIssJMpcsPU7gcfW+SZlfpvAZ0jS8jKdXvun5s"},"senderMessageKeys":[]},{"senderKeyId":4755762,"senderChainKey":{"iteration":1,"seed":"vgc6uLnEkpYxyIDhWC1Xtc75J6Sjs7mzjbh0ynt3diY="},"senderSigningKey":{"public":"BV3txs6CD1AT3OE/oNtHEswaAfIBKsW/K7z6VQ7+vjEZ"},"senderMessageKeys":[]},{"senderKeyId":1860240865,"senderChainKey":{"iteration":1,"seed":"ZE07Q4FPjO+RO2u7CtotBDUQKHxZ9MkfKVynmyBOpPI="},"senderSigningKey":{"public":"BZTPsX5Kmv/uzsdG3njuRQqmz76cn+sRKy68nIWJiaJI"},"senderMessageKeys":[]},{"senderKeyId":273123740,"senderChainKey":{"iteration":2,"seed":"NQxdwb49MF/k0iuN1Gj345TzrhNC5rO9oni7RCQkr+A="},"senderSigningKey":{"public":"BWokocgCsvHosJTqEfgXrVCPqdVkMzSqEYXq5GilsYpK"}}]