[{"senderKeyId":855880669,"senderChainKey":{"iteration":18,"seed":"WLN9+fmQQzuk3+hCtrjG6q/M9HuUH1MXLCwBZG8Ty9I="},"senderSigningKey":{"public":"BSiOEp9xmW5bwOmP/u4gI83gaz+yD7H1gBBvs+kBLkpV"},"senderMessageKeys":[]},{"senderKeyId":565958814,"senderChainKey":{"iteration":13,"seed":"9nfkgY2Y/hqzMS6DOrb8iB7n6P8KH4LIpw5tSyILfuA="},"senderSigningKey":{"public":"BYaXjoooTTw9g8tIVJPA5713diBDgdXJduFYfFbwS+R9"},"senderMessageKeys":[]},{"senderKeyId":848766713,"senderChainKey":{"iteration":2,"seed":"Msx6DYoEak8gjtK/bhy7w/1aOLVyNAgf3VfRKw6D+TU="},"senderSigningKey":{"public":"BRmSd0gB4c13LS4K0muxSGuFx3WtJD/hpas546DC0yoD"},"senderMessageKeys":[]},{"senderKeyId":901224264,"senderChainKey":{"iteration":7,"seed":"7rUvn1yq6i7a0veJ9Z1GxDR4ZkzonOj77MFeKzbWmTc="},"senderSigningKey":{"public":"BXniynlTw6Zih1MckCZgiXD30SRFYMhIA/71j3JcAH5J"}},{"senderKeyId":1389483994,"senderChainKey":{"iteration":4,"seed":"oLqzDpAK5qQVi9Zl66Cnd5c4PRf+ChWgvSxfIaVnLvo="},"senderSigningKey":{"public":"BbFyYkV3xY9VKNGOl7xPs7eMzI2WrmtEsEsx3WWrJcEo"}}]