[{"senderKeyId":2004693962,"senderChainKey":{"iteration":1,"seed":"UDBeOhvv5rLcxYbN4NCXJcR/hCsX48eeWvmTNVFywl8="},"senderSigningKey":{"public":"Bbcjyy8im9EbYdOhUTqKkuNlJx9MxhBY1qcW+3mGctJG"},"senderMessageKeys":[]},{"senderKeyId":534572129,"senderChainKey":{"iteration":3,"seed":"Ji5+jeM+767JwdonG6OVxDAsB/i95olByHRWQzsSMWM="},"senderSigningKey":{"public":"BVVTQoNEi1yfhoz6dSaPOTuwsTzjQcf+L2hTjDpZWEQw"},"senderMessageKeys":[]},{"senderKeyId":1722813059,"senderChainKey":{"iteration":1,"seed":"EBP0FKNHpOPTcAh0pqNB199V9Rw149MMsLXyrsUwDsw="},"senderSigningKey":{"public":"BZHGlOh+Ak6C/G4joh68hq5FxB6Q3thfOfR1kMjilaEz"}}]