[{"senderKeyId":1150735002,"senderChainKey":{"iteration":1,"seed":"CQY6iWCpB3ySVlD64UEzvYWeCPedf6Md3L0cvded3AY="},"senderSigningKey":{"public":"BXQNUjrc8OF/+PBCtC/Hh9SX+1xI/wwgBL4YLajdBqID"}},{"senderKeyId":938278945,"senderChainKey":{"iteration":2,"seed":"0h1dbm8HuZixXWiq8JZwusAqoPtU6B7Qgm4vZ3Ja6ZQ="},"senderSigningKey":{"public":"BRpsyca4MfxuEr0OGIKutpfoWfbH92TnzAr+iehdpe5q"}},{"senderKeyId":1746650302,"senderChainKey":{"iteration":2,"seed":"Gn/p99hPBLN/OX0yTi17KYxd3B4k0RjHRYfCdG5T534="},"senderSigningKey":{"public":"BS0bZK0dGGdiMv/qI1Xl/Xg2k/RaVAM0fXdv7zBYSl9B"}},{"senderKeyId":1805346692,"senderChainKey":{"iteration":3,"seed":"VlhTWza+SZY+lnmXnSOaeMrghx8ujSzGdShNTZOmJv4="},"senderSigningKey":{"public":"BZmEJPWcTAVliEguoyQyzJpI0KMMLzIEG3r6WkGo1idt"}}]