[{"senderKeyId":327836872,"senderChainKey":{"iteration":2,"seed":"9/nMSY5qP8LZgqnTCrV51sXxhZKCFvqvs+7XbW6NudU="},"senderSigningKey":{"public":"BRmlruJdcP8+OZqteQWTEfJ9WBL0i54tvO0V8xQ/SaIN"},"senderMessageKeys":[]},{"senderKeyId":1480766589,"senderChainKey":{"iteration":6,"seed":"K9Pkv3RvxvQVA+/AcSi3OAHFagvH1f8lfBFGuU7LraU="},"senderSigningKey":{"public":"BUxWQQq0DDSbkSbDUlvpVR68ttufR0SvneXNfW/L5Mpq"},"senderMessageKeys":[]},{"senderKeyId":1758087253,"senderChainKey":{"iteration":15,"seed":"F05i5maK6iTKQD5fgX6SwhRurxxr1VTDW/PaEUtREq8="},"senderSigningKey":{"public":"BZrT69jRMXuwk4jmqQOkU2YLHu1204CGpzQ87YrEdnJf"},"senderMessageKeys":[]},{"senderKeyId":1808713980,"senderChainKey":{"iteration":2,"seed":"FuOFzUt19cTIC7N3YCaUe2gvfcaNJwiAdGDNcfVHnLY="},"senderSigningKey":{"public":"Bc8zfXrgpZq2k0q/x9xbMotZjZzypHgPXKO7QhLzFD0Q"},"senderMessageKeys":[]},{"senderKeyId":2024333,"senderChainKey":{"iteration":2,"seed":"FKCXSnhLGTGsq3HzYwpHpzQFlWoBfma6+/NXAP3pmHY="},"senderSigningKey":{"public":"Bdif6hQYtqCdxleq25fR5zWi7aNDDZHUTaNBBH8NSX0/"}}]