[{"senderKeyId":68148563,"senderChainKey":{"iteration":2,"seed":"JFOUEsPtSGemYt+UBPAKUmWyCW2s2OuYCCpKilRVEoI="},"senderSigningKey":{"public":"BbX4WC/zLDXrTF3T+v79b5tLalyeQXukRNVBuSAyVHNc"},"senderMessageKeys":[]},{"senderKeyId":589654763,"senderChainKey":{"iteration":3,"seed":"7m6RjGyJwO15GfdOM6dS+sTMKNbyzLxzmRgfb0EtnsE="},"senderSigningKey":{"public":"BazyQpXInt07ZuH+fxm6kVUwOOB+CZZl2ZRyRuwaxShG"},"senderMessageKeys":[]},{"senderKeyId":212113488,"senderChainKey":{"iteration":1,"seed":"Udu81e33MPMYTo7//Rl8CzxLXi5PViNRnFsEJq39tAs="},"senderSigningKey":{"public":"Ba4igfgoMEynA+2F9Nwf83VOJKhKXrGWouq51uNrAEBA"},"senderMessageKeys":[]},{"senderKeyId":639563174,"senderChainKey":{"iteration":22,"seed":"XlQdLRwIbZT1XgOYcUVtgiZsT5rGtdS7l4OjFGvoqbA="},"senderSigningKey":{"public":"Bb2xK4HPmqAXpeghurWpWmxaMBiIMyjKWowVNM0G4D90"}},{"senderKeyId":639563174,"senderChainKey":{"iteration":5,"seed":"Y7raQmjbgU7d4manaHXlY0dtdja4Mh2JdQm7D13d04Y="},"senderSigningKey":{"public":"Bb2xK4HPmqAXpeghurWpWmxaMBiIMyjKWowVNM0G4D90"}}]