[{"senderKeyId":31773575,"senderChainKey":{"iteration":1,"seed":"Ab7QdcYURqqGPwnZzrtE9lyhv32T8VkO6SoRNLYagok="},"senderSigningKey":{"public":"BZ60jeSbuNTXLL3DjA/BB8EJPqAYxfhMaTjcKY3P1MNb"},"senderMessageKeys":[]},{"senderKeyId":983396903,"senderChainKey":{"iteration":1,"seed":"ndwdqeBEcXQoJ7izP5zmpO884q9FOK1Z8/SWwBBpbVc="},"senderSigningKey":{"public":"BZLhgmDrXNypMoC6XIbpharNBvCZ8elQjDkFYu8GhiVj"},"senderMessageKeys":[]},{"senderKeyId":1759166892,"senderChainKey":{"iteration":3,"seed":"ezilnumgXXwR3rhs6A92A4wr9QrfoVALg/U6nvgJNRk="},"senderSigningKey":{"public":"BSG51l/tIz6DL/FdnMAFp/lxwxXyRT5sfzdQwAtFUwBH"},"senderMessageKeys":[]},{"senderKeyId":1759166892,"senderChainKey":{"iteration":1,"seed":"fc8Q54NRgFgGa8n92E0qWl2BtAc4JnS1xRt7wNsqUks="},"senderSigningKey":{"public":"BSG51l/tIz6DL/FdnMAFp/lxwxXyRT5sfzdQwAtFUwBH"}},{"senderKeyId":1597688524,"senderChainKey":{"iteration":1,"seed":"SnbkIbaoomBbybEC0+m5l7qVRPOrYfWA31lU0p++IdA="},"senderSigningKey":{"public":"Ba9JFWJbzzbKGtuJ1plS8wkxuZUpHhkKppmkDBaRnI8x"}}]