[{"senderKeyId":1824579646,"senderChainKey":{"iteration":303,"seed":"wDW+PWfxdl+omuOpr6jbvO/+F0G5asAycjIdgfUbsuI="},"senderSigningKey":{"public":"BVlTAC75q6W3Ews+Et21RXZelZel4MAxZj21yR5I4bRm","private":"YKg37JdRdvAV917hohtWAt56LeY3JentIbCo8JCaN3U="},"senderMessageKeys":[{"iteration":1,"seed":"NC9sOPEUlKtUUxG8FR9t4w8PvbDi7Al1AutKkoZhVkM="},{"iteration":3,"seed":"ZKTLN3Y7jtC8D5cAHFDpDJW+hI1QJ8n6caapqgGPs0Y="},{"iteration":5,"seed":"xaD/vORVRSZ8w6uZh3b+F2TMLPuD1q061XmrqMVztB0="},{"iteration":7,"seed":"Sa6eIwQhn6mmQ53BvuJJrzTkotthY7qhnWhWTCcYLaE="},{"iteration":9,"seed":"HnYs3N/x8JmqErgTK5sbQpnxq0xu2lDH1MclQbXqXmw="},{"iteration":11,"seed":"81dmisIRHDix/jVOscPQLgB/hyElyTysBb+MpBhOfao="},{"iteration":13,"seed":"BaE20j113K7KpvmB+xkcN3btMPhHT4+RpiVHSyJPLQo="},{"iteration":15,"seed":"F97pIElnlWhSkH/1RGQRcnRVGC1MPxrYR6UwjQezO3s="},{"iteration":17,"seed":"/Cuj8q6iF6zXX/+GT2oOyZYfjxqCMsjSeEljE4lGUjY="},{"iteration":19,"seed":"uvnmeVR4cyvKzyd8lJne7awlKl3vakuYw9R5rCqbXHk="},{"iteration":21,"seed":"g46sNp19ffO7OA88gjjxlGl4XKd8WYs4UYB8dHsGtv8="},{"iteration":23,"seed":"fYv+NMh7hUigAgo0wfC1ofeJXb0dHWI110PtqWSUHg8="},{"iteration":25,"seed":"h9bEQxD08QLqybfBWBv1dGshZ2XKHx3vtMFCRXt43lw="},{"iteration":27,"seed":"sO8IYRVyA+B9URmD3kjp7y+J1H98HE3vRqb5MQSWgvY="},{"iteration":29,"seed":"qdItyvp5aVqSY00GjzKKjDsr9S6w2O+B8y4PiHqeLyw="},{"iteration":31,"seed":"f4W6yxDHYxQF+5xMoD1yvPSsVrw/b0j0dmYpnZFOwVY="},{"iteration":33,"seed":"D0iSwvnwBT/mMGyo5ObBkuI+8MiR9CwR/X64hOgQba4="},{"iteration":35,"seed":"ZbvDocy3CC8bz9rfMnVqbIlcj08GKQChHh+dvxYIYMw="},{"iteration":37,"seed":"sJ48rbR/F6PQ69oJGpy3qKGABkWrYf2C/R2aWQkzzsQ="},{"iteration":39,"seed":"srRRc/KXvlgtMIuj51XzoFRDNjXqJcaLi06sZpdV5O0="},{"iteration":41,"seed":"geJdPqyBAfaQAp2Sk3j9KZEqZIKE5ZuCk7myJxAKjZY="},{"iteration":43,"seed":"5QAR+VANTfZdRA20t3rU/eTfjeTNPEmp4fYXxcJo4NU="},{"iteration":45,"seed":"tYd75K99fpMRn0Oz6Q95Z2w0mwFDhWngGMcxmrGw/sg="},{"iteration":47,"seed":"92yWd8HUrZf51M3vtapLXTptiIlm2fOgrofSp0abbTc="},{"iteration":49,"seed":"l11qmi5sXgaOuZ8CEMbTsvI5/1wND/0r4+Thj5FtWW0="},{"iteration":51,"seed":"eH3Il09FQ08p6k+SXcs48FX+Jof4iwycJzIDgBA13Zo="},{},{},{},{},{},{},{},{},{},{},{},{},{},{},{},{},{},{},{},{},{},{},{},{},{},{},{},{},{},{},{},{},{},{},{},{},{},{},{},{},{},{},{},{},{},{},{},{},{},{},{},{},{},{},{},{},{},{},{},{},{},{},{},{},{},{},{},{},{},{},{},{},{},{},{},{},{},{},{},{},{},{},{},{},{},{},{},{},{},{},{},{},{},{},{},{},{},{},{},{},{},{},{},{},{},{},{},{},{},{},{},{},{},{},{},{},{},{},{},{},{},{},{},{},{}]}]