[{"senderKeyId":1155701574,"senderChainKey":{"iteration":5,"seed":"uyu5PNPt02lx11Mtx2sKzyQL+1pQYjk4ZoMQHPxv4Yw="},"senderSigningKey":{"public":"BdrVquRxWS+JS3suIF0r+B1yoYVUxcuBOb6j5c2qqawQ"},"senderMessageKeys":[]},{"senderKeyId":321822765,"senderChainKey":{"iteration":4,"seed":"W2VJR0DfxKpseVR6i3BkUE7y4L+ZngS+F6uU+/9DQvA="},"senderSigningKey":{"public":"BciAHkhyMV97p23/cjPJrWT5FvNDkOB3CNSFgZltW0Fd"},"senderMessageKeys":[]},{"senderKeyId":812699286,"senderChainKey":{"iteration":3,"seed":"k8ODhE1N0VgFRZl2/6PCaRoYJoXHsFty6JjsQGRYsNg="},"senderSigningKey":{"public":"BUFQvAXKOtNvGXSWdho/uQYhUPKSZl7JTcLU0UxKCZZ3"},"senderMessageKeys":[]},{"senderKeyId":1155810357,"senderChainKey":{"iteration":1,"seed":"X3+qsML2A3l+jmbOfElL85Bc0BHGz2r76J/XLGbvEtU="},"senderSigningKey":{"public":"BTHwv3lpPHjYgz6av6I76UTxae+RDPtkBUyJ4MWoagQR"},"senderMessageKeys":[]},{"senderKeyId":735414021,"senderChainKey":{"iteration":4,"seed":"beGAwXVh75hP3xEFk+Pj39phhsM1A4cPga7tUgvQxpo="},"senderSigningKey":{"public":"BbgOBhb1ed3TAFRcZob4fBGwo9oqtVHfIhyljR+RwZpL"}}]