[{"senderKeyId":1549540879,"senderChainKey":{"iteration":2,"seed":"PCGfjvv4TzOkpLvspUeGx4xAo23InYF/F3KWpp4yJec="},"senderSigningKey":{"public":"BfWXxBVLk34HG4ws3a9AfsVVkcZ67jMpxnPfjhnkc10H"},"senderMessageKeys":[]},{"senderKeyId":663665374,"senderChainKey":{"iteration":1,"seed":"XIheoxq7I093O+2ekbBKuCFC+y1LgZPHYW/UOv+XNck="},"senderSigningKey":{"public":"BcPhG/kWQEzObMpkZtkD/8IXwmVnzJYhv6AYaZd6UuYU"},"senderMessageKeys":[]},{"senderKeyId":827249979,"senderChainKey":{"iteration":1,"seed":"91nv/qgsgxgdeICN9tfVKi8DDVrQVOZrbmBRfD8Y1r8="},"senderSigningKey":{"public":"BVHAS3uWr+qpzGnqkcfjCR92Rkaj2TgZLm+5eRBpRcke"},"senderMessageKeys":[]},{"senderKeyId":505774340,"senderChainKey":{"iteration":2,"seed":"5cq1Cmy0XvZeFKg62fTvvEd+jhyEPokjDlapJB7yL04="},"senderSigningKey":{"public":"BcSm+RSieAWVzELuoV97/zwd4mKui/z038+8GuvIFUZ8"},"senderMessageKeys":[]},{"senderKeyId":1652854540,"senderChainKey":{"iteration":4,"seed":"szxFU/nEluCWSSAc9CDHTCV+GoDkgHNDUy0aGVOvGDY="},"senderSigningKey":{"public":"Beknje7MJo3CjMPsVGHl0b1t4BaIRp6rAogvmMsTl4Ny"}}]