[{"senderKeyId":246483242,"senderChainKey":{"iteration":1,"seed":"ruX0qelsiL1ZtSau1Y5ddxoWPWIABrwXGOiplpyqC88="},"senderSigningKey":{"public":"BTn/Hm2Y6AWgv4kbTiJgnxdGQ3Qk0bLrHDS+Ec7JlWlp"},"senderMessageKeys":[]},{"senderKeyId":501554195,"senderChainKey":{"iteration":5,"seed":"igO+pwHBNU3hhwa/3YIWW0PD5drkfrcO4LHuAMCFfn4="},"senderSigningKey":{"public":"BXSdQTaqK7gSjBTZMsF0xKWMOggnz26TwMUDWEsjng93"}},{"senderKeyId":1784574616,"senderChainKey":{"iteration":7,"seed":"IjFNLv9LnBs1ey1wdsovXxcCO1sSRLZ8LY+UAf8Zp5E="},"senderSigningKey":{"public":"BZeg8z0WPvWz9mQZZbMKVzUftu8R//+w2iMhjTMmFhF4"}},{"senderKeyId":1437663123,"senderChainKey":{"iteration":2,"seed":"hg2Ww8jUwawIWlSYg2j2eZO1Z/0rcmwBVNl5xL7EmGE="},"senderSigningKey":{"public":"BeUxSi9RpBtnw/I7MUZWt+6YbWsfxHEyJ5Jtc8oBKQ53"}},{"senderKeyId":1437663123,"senderChainKey":{"iteration":1,"seed":"lB4UuTivf4/Ir6tEE7hv1XqeteUdpF3R/Qo3TY375MQ="},"senderSigningKey":{"public":"BeUxSi9RpBtnw/I7MUZWt+6YbWsfxHEyJ5Jtc8oBKQ53"}}]