[{"senderKeyId":1838689093,"senderChainKey":{"iteration":191,"seed":"NHLNgDtVfxRkiDENAitGORqrx8+3uZ6aIzTAPkhG2I4="},"senderSigningKey":{"public":"BeorISju/9fyPZrq/8p4f3aQiA4SgDn53UV0yqq9Bic2","private":"qOmnLv5h/k8QbjxXrTrJ46+mbYH7NIIrQdLbnmlsekw="},"senderMessageKeys":[{"iteration":1,"seed":"By5glpMNzNlekfI4Qha/ZU4/WTIDYiQ1mv1a5v5zQY8="},{"iteration":3,"seed":"ilrKeqTd+Qx3KXAbMHb75wmqji2tVpUGuE3wPZSdl5w="},{"iteration":5,"seed":"2leTt3GpXXh0ap+1Evd4LSMRWoXRN4xVmzDLl5AofXI="},{"iteration":7,"seed":"GCkogPPYuvTtKetljI0jfJvLhYeCZUHinikOh9jW+iw="},{"iteration":9,"seed":"HdjaH5JrnJ3DuHCyz8oD1cmL/16IzvPwoWlzmf3lU+I="},{"iteration":11,"seed":"nLgiAT6sXSOihA/fZNdJXHlZJf0hn/kD7CKreNUVBTg="},{"iteration":13,"seed":"on3zppPkRPW0e4E6JXAf8bpYpw0z7ct8bhhiMIy4YjI="},{"iteration":15,"seed":"8/RfeMgRsG+2v2PtkinC0NGYOpdHP8NjNDwnfxjixHs="},{"iteration":17,"seed":"mk+YWWz2oIpwMV6UkWD5GyNRtTdLYn/BAgTKlsZLBqk="},{"iteration":19,"seed":"823/BuRjXl/HHTrbv8dCyQDggUD9nIFNpcIXwzngfQw="},{"iteration":21,"seed":"0hW+iXLPQCbV0hgyaRttSY+qICbrNahuZwL5pCMqHqM="},{"iteration":23,"seed":"Z2Z4/Do8R0W0JEaHMI1WofT2wPObD7Z5EDiLzG8hWv8="},{"iteration":25,"seed":"qid5ZVh0MSlvc68POGgIuT7jVf3HIzsoFLPA2+E2LdQ="},{"iteration":27,"seed":"HfZ0/DKM1Ih7M8Oj8drEQqvfpjXAvHKchtzsoRGMjFc="},{"iteration":29,"seed":"73HZd3+k6CB8EoUpVuX9r+WHmqAoqdPCassDOyBZ1A8="},{"iteration":31,"seed":"VMIb6Rqp65CzviqAaCq9Uj0p1PFLA+Ou9NyIYtonsoA="},{"iteration":33,"seed":"QkynrnZqm+2yJ7co9lmcki52ErECWz0Raat0IQLtpJ8="},{"iteration":35,"seed":"yP5kT+45WaRavJgLofU7IMT4TolanErWAxx5TJuub/c="},{"iteration":37,"seed":"JL68HCZ2aq1t3NyPsn/JGpZbOKydUZk9S75Te1xwgcs="},{"iteration":39,"seed":"Etb+R+C3b4rOdHxepPutc7e8gvvQ/hiqB2ozv/Q3EqY="},{"iteration":41,"seed":"qCVpUuPPZvrV6hN8Mx5f7Uy6zSHCa7NwBXGrYlSwJuY="},{"iteration":43,"seed":"YJRKs9q82MMqeN+pRSH7IZTie9HYJR3ggiFA6Avi300="},{"iteration":45,"seed":"vCOy//+Wx2dKWG8UOUi0cT409IK3to9dkMyt9hLo3CU="},{"iteration":47,"seed":"Szun5QpWIYeLVFuNaI9IFiiHvTT0Hbg5mqU3/LA41Yw="},{"iteration":49,"seed":"P0p5cCx3a+6qwIjoXIFsv5A0pIFAcL6J/K/9fgSOkf0="},{"iteration":51,"seed":"HTpCs2Abp7+5ShcQ5WjSgcuQQCS35tHKIDNQfFzCqR8="},{"iteration":53,"seed":"wqhyVTkT/x0D3AWxCZtGLGTLcXw7kV3mTZWQD8bsC54="},{"iteration":55,"seed":"Hz6pmFHw41K0411hiTmKUm5B7zRGi6AgYRRCE4jGYgk="},{"iteration":57,"seed":"s5D4gWgaIOpVlgCjZvWC4DKF313vFsfTwoU9YnQcCUk="},{"iteration":59,"seed":"qPlGZXV2uhDyS1t7cBZHhTHTgLVJKLDQa5iVnTkyohk="},{"iteration":61,"seed":"irrvgeptVDsYgNxQF1j3ZuN+HPaxH8yKLNQrT2AofCE="},{"iteration":63,"seed":"qJf+x8uxXJSWuxBgG/1bLw7GroPkaenn2oH/46BpcVw="},{"iteration":65,"seed":"DWXmGNY/YiRVyP58mp2DpFVt9zGhIPPDYd6wt7GqJYI="},{"iteration":67,"seed":"r1mvcUnOaOgJ0NkuxwUU+qyAwI8PxDCyXivdpMbzsFM="},{"iteration":69,"seed":"Sj+SGClwQnHWaHDE2stPQ/qSWZp3dmF6AAdq50q5go4="},{"iteration":71,"seed":"527owDIRWhsz54H43TYUsZQfoK+rl17kQoBuGly6Eqg="},{"iteration":73,"seed":"O2fA/Eiud26TODyMssPPzoyqx48LtKuOc42FN8svkKw="},{"iteration":75,"seed":"CE1f0z4qXjgL9nDWvOBiyQdQWX7klXuUIykcfGxmZ50="},{"iteration":77,"seed":"LVox6hCI9WAMv+wjThSG8Iabnwy+8hn1+qw9bTmck6w="},{"iteration":79,"seed":"WCh4wDpk/7aM0cEftnrvYP8NffDMoh5s0fa1eRSu8pw="},{"iteration":81,"seed":"fMl0Wz8FSdnggGtIqL2/q5VZK0tkvqhOhyGDmqB2Q8s="},{"iteration":83,"seed":"Hs5WEug/qZcwDmqhtybEwXIm4l4gMgXRVq0CbzN1sa0="},{"iteration":85,"seed":"JoETEXqPqcjgApaK5Tq4qAPCeIX32lYgPl6+G7lrurc="},{"iteration":87,"seed":"7/RcZ9EYXnyQQ/7D2lWgiUthFs8mjqA3PYz+kqmdidw="},{"iteration":89,"seed":"uEpMQLVBlsgOaRaTrvLow6w5EOzA1gAI5gb5CwFbFBY="},{"iteration":91,"seed":"KbdA01nmMbHbl3Gx8i7MJRo/mU41CIZI+aFRlmF04Hw="},{"iteration":93,"seed":"gDSUGaPRv2ZvqVcDdrtUiLmfOtBCAJVgdROB/f3IMx8="},{"iteration":95,"seed":"VcMETvfmgPn1I0u8xH7cqZ0f/iymD0ScyaEow3cyDVU="},{"iteration":97,"seed":"ntzColOJ//tdJnqCMEzQ9LnFNJr67Z1MfWh2+oE6cik="},{"iteration":99,"seed":"8WWQoJxgJmj10teQzvl9j+HOijwLRyXqd8eOUVkX5aM="},{"iteration":101,"seed":"qdyeHs7LhFTJsE3Np0aGhBCO5DvcenHyKSEAIK9Cz34="},{"iteration":103,"seed":"80+oLwiUeLJmVM+/vs71NFiMX0KM6CJYHc6JdS71F/w="},{"iteration":105,"seed":"GS4qOj+LBxWPXNiZVI4lw6gPh0z3lR0z54TxpfdjjAI="},{"iteration":107,"seed":"MpQFgYlvipOB19qeWNaWuExPhia43R/nuZmpsd+KLts="},{"iteration":109,"seed":"aYuxxVc+ptGoXWtlJ6gW6EBX75SBV8PhgfHyI15AU0M="},{"iteration":111,"seed":"PjYkcytsvPm5+se+MihT2gXXih1YrBdW4us/R5EMl0k="},{"iteration":113,"seed":"lIuYCxNWzyo9qtHAjzuai8E+QP0B97u53Cz7VGDf+wU="},{"iteration":115,"seed":"XAqPO6e1ZRf0jWjDMcLGCnTXd6cLlZDJAjTp6dlmQ3g="},{"iteration":117,"seed":"uDsG+xwsKm/OxsRvXnjehfkWM/NBuKmHrNkheawqsPU="},{},{},{},{},{},{},{},{},{},{},{},{},{},{},{},{},{},{},{},{},{},{},{},{},{},{},{},{},{},{},{},{},{},{},{},{}]}]