[{"senderKeyId":2041360165,"senderChainKey":{"iteration":34,"seed":"ZaAPs8sj9sKmzh4So8V80/xvmEkEdIGrJ6M9zifG8QY="},"senderSigningKey":{"public":"BYzrQzhZJS9NyHt0PbhNhIz2lp+4z/r/dHKxeVeI8W03"}},{"senderKeyId":1410338199,"senderChainKey":{"iteration":2,"seed":"AJcJioveAaszNx0vqB9MRyj2pY8WcQEZcgE30f7GsRw="},"senderSigningKey":{"public":"BbJjP18JNcNmhsKacKCHj2U/O24CHG95Kc9kvdrCeNA3"}},{"senderKeyId":2054901088,"senderChainKey":{"iteration":1,"seed":"4LPAw60AwijqbZ5XaBAsnb4uY+L90fDsrNZ7O7O4MJs="},"senderSigningKey":{"public":"BfUlXrx81Nf1uCMul/Zjlwny8+4HRlLe07P1OQhS6l0Y"}},{"senderKeyId":3344002,"senderChainKey":{"iteration":5,"seed":"/KaaQYy/GzvShQh993yaytcyOVUiU4bcnQyQ3j+Qvxk="},"senderSigningKey":{"public":"BSWTW+W0+OvEZwTmcz87RM97C5miecIaBiRZ9gbyZvd+"}}]