[{"senderKeyId":506532750,"senderChainKey":{"iteration":1,"seed":"N9MshtetJRwyiWS0znVjm/YKKyvm4Pw+TZT0FEThWkI="},"senderSigningKey":{"public":"BTR6BR0iOFq/Hvi/X2Z5f9ncn21oqcbQUTnaJh4UuP5a"},"senderMessageKeys":[]},{"senderKeyId":296733056,"senderChainKey":{"iteration":6,"seed":"X3LYb3MLEsyAb0iIb4tnnPxryGYDmWDmWjeojc8LEeQ="},"senderSigningKey":{"public":"BWJISncYq36KogW46kH5MXG6WFziA0HQ/mnyYrJ8MhZ6"},"senderMessageKeys":[]},{"senderKeyId":1989159153,"senderChainKey":{"iteration":8,"seed":"ioHhlTqLmdBuh8yiC6i3E+FPlM0jBQjnl0cWMp2qG88="},"senderSigningKey":{"public":"BZbdSzEXzlTwWyfiRPmFAOuI8NgNRnS1s66vUaVAWQtM"}},{"senderKeyId":1989159153,"senderChainKey":{"iteration":2,"seed":"fyja+J62f1Clxl02LsYTFKw8qBGzzPQAECOk1fwaJEg="},"senderSigningKey":{"public":"BZbdSzEXzlTwWyfiRPmFAOuI8NgNRnS1s66vUaVAWQtM"}},{"senderKeyId":1989159153,"senderChainKey":{"iteration":3,"seed":"RrRvmG6o5znJhyHAbdRoZNSJEdxtigqJiItHyM9V5zQ="},"senderSigningKey":{"public":"BZbdSzEXzlTwWyfiRPmFAOuI8NgNRnS1s66vUaVAWQtM"}}]