[{"senderKeyId":1640596359,"senderChainKey":{"iteration":1,"seed":"S7yRLZQKN9G/+7wth8HmhahABmJZ5mvZWzVqpf9p/BA="},"senderSigningKey":{"public":"BWEw0IL/XeJYT3ygj8ONk8kYH8/E1YJgxPBxstUKFLt8"},"senderMessageKeys":[]},{"senderKeyId":1873718104,"senderChainKey":{"iteration":11,"seed":"R2kWo+qZ34z3LGTVTZ/iwReUZK6r6rsJUhQmdHyjKWI="},"senderSigningKey":{"public":"BS7HxyPwTtBPb/O1NkWGxRPpeuvGSZsQHWvK2QEclFJf"},"senderMessageKeys":[{},{},{}]},{"senderKeyId":1590095257,"senderChainKey":{"iteration":22,"seed":"2zxY1J0vb0qVGcqcxZ95/ViXhvTSl/yC9UJiS8RwaAU="},"senderSigningKey":{"public":"BdkYEmEr/DTB18nJW6a+aLk/y11zTLHe/dSav1W93aM/"},"senderMessageKeys":[{"iteration":4,"seed":"04mYAwONXUkRiqMf6vFa0/7RqZTJosj77QaQTb2DNG4="}]}]