[{"senderKeyId":2017677116,"senderChainKey":{"iteration":34,"seed":"s6TweFcKpYG8elKS6IT3anZse+2nn3IKfjBBOelHmiI="},"senderSigningKey":{"public":"BYM5MEQE0YvPxDIeczJPbBC/D6zV6/fWQwYmQSJxHWYv"},"senderMessageKeys":[]},{"senderKeyId":1818836789,"senderChainKey":{"iteration":1,"seed":"Ki6e8q2SQZ4A9jF7/oMuIGK/G3IDESxvMGr/rMl1h+Y="},"senderSigningKey":{"public":"BQbzpz2NdxPXXwLRBByZDtRZMV9xbC+QywR/Pcd7WdJe"},"senderMessageKeys":[]},{"senderKeyId":1872959058,"senderChainKey":{"iteration":3,"seed":"vwpVjLveF1x0hHsT8P76ld9Ar2ACpcq1crwJbckPKoA="},"senderSigningKey":{"public":"BcNlZYoeN3LP2E5wg5LScfXWwxhLIkGyM+V3PgE1/pBW"},"senderMessageKeys":[]},{"senderKeyId":185070213,"senderChainKey":{"iteration":3,"seed":"rPZYbHSRR1riVg3dr9sohlIxmwGSHSstVQf1qCP+Mj8="},"senderSigningKey":{"public":"BTWtnf9du8Cl2Ei2yqr5RzwJWrzFYksGDAMGi4QWzL4P"},"senderMessageKeys":[]},{"senderKeyId":752898693,"senderChainKey":{"iteration":2,"seed":"BSzEd15a3olOhPhSMmq3QNFdNLopCsR/d/UM0LNZ1xw="},"senderSigningKey":{"public":"BYWDNIIKAHTmaoO8BxNXk8wJug5ySStuGZ80rGX7poJm"}}]