[{"senderKeyId":408382416,"senderChainKey":{"iteration":4,"seed":"VtO/TOrpy1cvu06gFMu7jvv9laYXXBdIi1SiJAcQRto="},"senderSigningKey":{"public":"BUvqarrlrnzyvuZwdqzDHGyFpf5RD2mZVnImWeeoHosI"},"senderMessageKeys":[{"iteration":2,"seed":"7JUH+rsjzfCS3FxzFBXL94396Nj8ZhdDCmEG3SdUwRY="}]},{"senderKeyId":408382416,"senderChainKey":{"iteration":2,"seed":"VJm2B0lGKSUtb+JUG2MeFBxwHFGVp3J/5fJNkZufv0w="},"senderSigningKey":{"public":"BUvqarrlrnzyvuZwdqzDHGyFpf5RD2mZVnImWeeoHosI"},"senderMessageKeys":[]},{"senderKeyId":1647550421,"senderChainKey":{"iteration":2,"seed":"H7LfWnRPj28vPvy7ohUzLHP1ilwMaI5Q8nMyYrqiJzE="},"senderSigningKey":{"public":"BWjh//rDZcZlmU32+4i/+nDSQgLS5GkzVXhmUvF0RyNj"},"senderMessageKeys":[]},{"senderKeyId":1897282361,"senderChainKey":{"iteration":4,"seed":"R11lSsEBqYmfYnXcW5mNfzcPt/8mhsQbFsRnoK0xE54="},"senderSigningKey":{"public":"BY+TalW1Ty+0qxo9zxBkY6vgVMk8nr9uDRpjrWspkxUy"},"senderMessageKeys":[{"iteration":0,"seed":"i5fK2FlDjTq8Oct/8gvYG4WBqdJXgEFsUtjx1Dp6o78="}]},{"senderKeyId":2068557322,"senderChainKey":{"iteration":2,"seed":"E7JdY7urWyK+I+a1wKVE0RK91Wb8VEhZKrs9vnSDZZE="},"senderSigningKey":{"public":"BYt/3UXhbBmXJhZkESQ78nGBllsCBtzI1Un64PBBXGMB"}}]