[{"senderKeyId":1197406080,"senderChainKey":{"iteration":39,"seed":"8KFU85W6Q2l3mAPbEkwKpXb2TkhHrwsEsL1WpXDU7SA="},"senderSigningKey":{"public":"BcKWB01n+B3xELZQ6WfwZ/miky8RYfMlhCfFIipJsesx"},"senderMessageKeys":[]},{"senderKeyId":1197406080,"senderChainKey":{"iteration":0,"seed":"vVY+7WQKyFS/dfcAXr0hb+dqIKzhVdHsjT06wSoh+4A="},"senderSigningKey":{"public":"BcKWB01n+B3xELZQ6WfwZ/miky8RYfMlhCfFIipJsesx"},"senderMessageKeys":[]},{"senderKeyId":1197406080,"senderChainKey":{"iteration":2,"seed":"aPnrod3YuYQWkrG9dr8fvp1pl2fqk0OW5OzYzSqxc0c="},"senderSigningKey":{"public":"BcKWB01n+B3xELZQ6WfwZ/miky8RYfMlhCfFIipJsesx"},"senderMessageKeys":[]},{"senderKeyId":1409368088,"senderChainKey":{"iteration":63,"seed":"1pVMNZiHwjZq2LFBq7MPq5KxGXZW1uOkeBY/jkLxsq8="},"senderSigningKey":{"public":"BZVq110GQnJCS9NxF6hb3K/IWshkpU36WYDyB5gTUmBv"},"senderMessageKeys":[{"iteration":58,"seed":"iWSK2X+ZJzrd2aIMDkGp+m4Sy9Y20qxr+zLiI9SRM1g="}]}]