[{"senderKeyId":68446544,"senderChainKey":{"iteration":25,"seed":"U0vtPZB7OEK1XZWDkHid+1U8AoRuVum8o2n4T7N5sng="},"senderSigningKey":{"public":"BT3bUHnoPRA8WlHeVZ1TxF6sSCifoX260VyJHic3k+B4"},"senderMessageKeys":[]},{"senderKeyId":714365510,"senderChainKey":{"iteration":35,"seed":"cNxxmSkoCswfSCXnrg0JjLQZj7u3BA63EiW1i++DZd0="},"senderSigningKey":{"public":"BbQWdgpVSBfBpShwm9EqYNpSk3ZQtoRWpsv215hkjL8Y"},"senderMessageKeys":[{},{},{},{},{},{},{},{},{}]},{"senderKeyId":688868542,"senderChainKey":{"iteration":309,"seed":"DJtJDnaDO2JXCDLa9TK+tkawicfcTIl6vOxqm6WZ5Vc="},"senderSigningKey":{"public":"BeL53SDqoeEoojDF9zAOlfymrIWFRxi8+DtcTasezRpE"},"senderMessageKeys":[]}]