[{"senderKeyId":1405125870,"senderChainKey":{"iteration":2,"seed":"WBa8LlHW2juEzADJ7ggrwdTh6OM3c/8sKAEcQUIpL6g="},"senderSigningKey":{"public":"BVecGrLzs//zQJtbRfxq56RDhzZsmvuPtuYEWv9DxukJ"},"senderMessageKeys":[]},{"senderKeyId":1388335499,"senderChainKey":{"iteration":6,"seed":"sJTRTQgptccz78nq8BpSFPjJ4B/5856Nu/OREydHDdA="},"senderSigningKey":{"public":"BUu7J6CP6GS0CIR+9SznzCUmvJLXp2mPIK6UoPXM2/V0"},"senderMessageKeys":[{},{}]},{"senderKeyId":5203779,"senderChainKey":{"iteration":75,"seed":"JsXgjQuRQ9rWB+/i4SNZ/t9L6/W1zJC8Wichh586rRM="},"senderSigningKey":{"public":"BeexiC8jEdgAD8O948lBC59jIEvuY6jP0E3Nld30WoUS"},"senderMessageKeys":[]}]