[{"senderKeyId":54801130,"senderChainKey":{"iteration":3,"seed":"jLQohbazzub4IP+FcIKMLUkyZQHkuVEeGDiG/qmiYGw="},"senderSigningKey":{"public":"BZvHG7Ey5YewkxNuMOFDmPoUidIKwJxP0XBbRet1LyBU"}},{"senderKeyId":54801130,"senderChainKey":{"iteration":3,"seed":"jLQohbazzub4IP+FcIKMLUkyZQHkuVEeGDiG/qmiYGw="},"senderSigningKey":{"public":"BZvHG7Ey5YewkxNuMOFDmPoUidIKwJxP0XBbRet1LyBU"}},{"senderKeyId":54801130,"senderChainKey":{"iteration":3,"seed":"jLQohbazzub4IP+FcIKMLUkyZQHkuVEeGDiG/qmiYGw="},"senderSigningKey":{"public":"BZvHG7Ey5YewkxNuMOFDmPoUidIKwJxP0XBbRet1LyBU"}}]