[{"senderKeyId":785806668,"senderChainKey":{"iteration":13,"seed":"OXIzVgwAvgfteEOSRVUVztTKVsol2411NmmUR2g03WU="},"senderSigningKey":{"public":"BbzuYb+UYRhzxgJaQ/RQ3S9+SwsXlBw3FQS5m7j5S/FU"},"senderMessageKeys":[]},{"senderKeyId":1834996829,"senderChainKey":{"iteration":3,"seed":"6QUX+elUfbqYNTPCmlV/zrK4WlwaCsNoXiq6N3DUM6I="},"senderSigningKey":{"public":"BcuQdYqmQeTQdcPevpbEErUfeU5dR+ljX6W72VAhyd9I"}},{"senderKeyId":85107431,"senderChainKey":{"iteration":28,"seed":"ShxM81mbOjXsKrn444MNb1x/wTcbskkGnHkpDLzmp8c="},"senderSigningKey":{"public":"BVW7Wv4msB/5Us+PUP2qqoJ0/s4Jxj0Ebaiye+R4+T9O"}},{"senderKeyId":639243251,"senderChainKey":{"iteration":9,"seed":"GA2q996hyaPbgdxHlzj+lWIBe+oFMvc8+0+MOHRQY+M="},"senderSigningKey":{"public":"BUQOtAmXHOZhQj0MOv1jVPQq5vJH/pH0jrYGLmVBmBoc"}},{"senderKeyId":1472804484,"senderChainKey":{"iteration":3,"seed":"DSJppOGYzxxa1vlaRntns3rN5xXRu0e2DCtQzgYO0ME="},"senderSigningKey":{"public":"BbtcEgCmoJ1jmI1cgX0QrRxsPCX2wXGrFXgn0lNjQolc"}}]