[{"senderKeyId":1399323694,"senderChainKey":{"iteration":88,"seed":"sOTHh213GRpR41T0ibN3ww8T4g1lMysE99zklE7nZps="},"senderSigningKey":{"public":"BbqZg5g9EcYWf1aR/hYRPiPOPpPXHInukfYbVEMnCwtl"},"senderMessageKeys":[]},{"senderKeyId":2109447959,"senderChainKey":{"iteration":55,"seed":"+eEA7GUKRovYYF5nY/2cc8EaNEf9pvqDvh0J95AshL8="},"senderSigningKey":{"public":"BVINsio3YaOK0L+xqAlU9+KJMPC/V40xaFRby61Nhj18"},"senderMessageKeys":[{},{},{},{},{},{},{},{},{},{},{},{},{},{},{},{},{},{},{},{}]},{"senderKeyId":2109447959,"senderChainKey":{"iteration":16,"seed":"hUvBS/2vyLwpKcNox00Dtqzs3LVQEus0K/sprwpzAgM="},"senderSigningKey":{"public":"BVINsio3YaOK0L+xqAlU9+KJMPC/V40xaFRby61Nhj18"},"senderMessageKeys":[]},{"senderKeyId":1426792771,"senderChainKey":{"iteration":172,"seed":"nRAG6SBuwdOdzb9bhZYpBjZjbP4DWRZbdXo0dk1wZQA="},"senderSigningKey":{"public":"BT8eQpA0+4I1Y+Mcccp9/LcWJzOOko2GUJwh2XbdNE4I"},"senderMessageKeys":[]}]