[{"senderKeyId":2066464077,"senderChainKey":{"iteration":1,"seed":"NamUhk3azxo2qafSep4SQi8tPo5wsHBJdHBQPMl9tC8="},"senderSigningKey":{"public":"BXeRsbQxEnOdFt1iV4AXoie7zwxtpupBE7qEJMOEXc1Z"},"senderMessageKeys":[]},{"senderKeyId":907895026,"senderChainKey":{"iteration":1,"seed":"fsvmpxvU5sHV5AcPo6eNWnhx36IEqNAO/NllUaiqhlA="},"senderSigningKey":{"public":"BWEIQRethhyqR0ZBN5IdSA6ZkquMds7HUCf2SdVAeb11"},"senderMessageKeys":[]},{"senderKeyId":444554497,"senderChainKey":{"iteration":2,"seed":"o9JeYkXcGNlJK/JE+ln2pRsUwaM6DRoDf9VlALBiP2I="},"senderSigningKey":{"public":"BUvC42QDtPqUlJXoOaihoZQTwRLF80pS+1lcUJh/4EkD"},"senderMessageKeys":[]},{"senderKeyId":1626124945,"senderChainKey":{"iteration":1,"seed":"gLn8HSweGg+9MUAOtvf6aPXBV6wdM0G2ThLYQB2Zt14="},"senderSigningKey":{"public":"BbtI7jFn8ba7pm0O/1AQdNmJTdibj+FFfwNS2YkKvUIR"}}]