[{"senderKeyId":478131099,"senderChainKey":{"iteration":1,"seed":"KKf/k1c04CQgBJld9nEYKJ6tYNXcp6FnwgskYJAxhEs="},"senderSigningKey":{"public":"BXc/3Tt8tdOP1wBmQMiB4jK1nleVww/AFe9qOoRXqM9U"}},{"senderKeyId":2038817480,"senderChainKey":{"iteration":1,"seed":"Z0VH5DIrs+ZIiBXy8ocmrdPZfNzlvtvswW3OcKp4f48="},"senderSigningKey":{"public":"BbmAPaSgmjnWKKbDiBSvPchxeK4fNndVj8xSKgyP7rMK"}},{"senderKeyId":2063201459,"senderChainKey":{"iteration":1,"seed":"xmKC/zRsH3ILBqjXsRIdIjfxjly/OOeuGGFS1I5ggd8="},"senderSigningKey":{"public":"BbRCq26jOYAo5o6v/23U2d1KbYwVH5rWfeywAi3bMTZK"}},{"senderKeyId":168519002,"senderChainKey":{"iteration":3,"seed":"f9DfJ3QXD75DcCbWNrUAUQCCGuye6S+g5RSIXxS2u6E="},"senderSigningKey":{"public":"BQ/3FoaA+7/muY9+YPfUVOMYFAEZzRN+5G2t7qoIwasv"}},{"senderKeyId":1739685990,"senderChainKey":{"iteration":4,"seed":"1gbNRCysloiNchV7MBI9PwzfVAzsKxia5UzkNrA1cWw="},"senderSigningKey":{"public":"BSDELASLxhS84Pya/YKa+kHOXbuEe7r5xl8Ij3HQVxgU"}}]