[{"senderKeyId":213591973,"senderChainKey":{"iteration":1,"seed":"xie2DPCv903SbmABvUgOHvZ7XfEt8j5ksG8NXPdgfPY="},"senderSigningKey":{"public":"BeLCfQvn4tjMRhGJMDtzyXN8DJg2h9NaV+V32KOuaW8z"},"senderMessageKeys":[]},{"senderKeyId":466299205,"senderChainKey":{"iteration":3,"seed":"VOwDEmbm5drQ4pZzAbtco3y5HUzGZ+bRrLUaGpjzj2s="},"senderSigningKey":{"public":"BScdK5pHs7rRtlhx3ZwcTBRjpZUNSLrXUMggJVAOuG4R"},"senderMessageKeys":[]},{"senderKeyId":236003243,"senderChainKey":{"iteration":5,"seed":"LpZxFZQFqPS2IrN4Q8X56N3dNy/hHHRtre/dKYUyjOU="},"senderSigningKey":{"public":"BUEB/dhB4uCZtZY+5KeHolBj6eotb6g6tBfOv7N3QGxW"},"senderMessageKeys":[]},{"senderKeyId":882511891,"senderChainKey":{"iteration":3,"seed":"DVFAzyYIFPfC0ZffCvXfgwz8gzNf6EhDduxu/UYE+/k="},"senderSigningKey":{"public":"BXAJoR3l8M+4I8t+rA7h7Lb7HYLmETAywY1Ms3QRjQVd"}},{"senderKeyId":481029952,"senderChainKey":{"iteration":1,"seed":"TbJQQLaMnPc0NF9y9iukXx/kmncMet6Hrb3CpKocQHA="},"senderSigningKey":{"public":"BV1lO+YDxVIW+Lw0O9b/SlnqFafgdI7N6WCNxxbZJQVh"}}]