[{"senderKeyId":799369978,"senderChainKey":{"iteration":41,"seed":"CtNWjhXerAVtJmE9e5vIE+We9vmyteNf1adGjsJE23g="},"senderSigningKey":{"public":"Bc/fwjXgnJ8XjKmjW5L0RE6qK93vGVjvM3imylOxTX1V"},"senderMessageKeys":[]},{"senderKeyId":682734399,"senderChainKey":{"iteration":1,"seed":"4rwfEs/IYY29eMw9BSTqTAelYJgHA1U1qs7l7se7+k8="},"senderSigningKey":{"public":"Bdm8e4k3it9TtO3Ua+N8vU+rm9OHtdvaFIx3hy3y1E5N"},"senderMessageKeys":[]},{"senderKeyId":1853837650,"senderChainKey":{"iteration":1,"seed":"C6EsaNJRYyEG74oz9TNonOtbahVb6GVeKaLdz+C+k3g="},"senderSigningKey":{"public":"BUS32i6gD48DyVNXGPg0oe3wgibOgM/pi7i7+Ah31D08"}}]