[{"senderKeyId":1418952505,"senderChainKey":{"iteration":1,"seed":"SnGxpcq2RgfE2AY5P5IKdhEpjqg/xKh79bSPQbtFcxc="},"senderSigningKey":{"public":"BT9M4AvcmB6CUBjuvthMun9k0H1zU/5DfnLPLOhp0hpA"},"senderMessageKeys":[]},{"senderKeyId":1304605302,"senderChainKey":{"iteration":6,"seed":"6OqKHu+xlsskO2wBZ9dNUf99eLh/ZqbOcIu8zHSRcx8="},"senderSigningKey":{"public":"BVer9we27OpnZbFJX7YXjlbgamrYq1DYRZmwPphrYK0h"},"senderMessageKeys":[]},{"senderKeyId":653520496,"senderChainKey":{"iteration":17,"seed":"W6EEeac6/hZTEqFYQmZ6krI3pRhplopaIApoS4H1AXg="},"senderSigningKey":{"public":"BVSSRYfCyLLmBe0fkWyT4L9v2dWR2/W9CbLACSmJvXck"},"senderMessageKeys":[{"iteration":14,"seed":"e5cW73nv2Hnuj5e/H8mwF7QjBTCLHd6Ppa78q8Xtr7A="}]},{"senderKeyId":215523168,"senderChainKey":{"iteration":1,"seed":"Jwx50VCTubzrhqHZkHJucYn6vkl8AVxdKOBQyjq6VP8="},"senderSigningKey":{"public":"BQk+PpRZFprvZbesj1YvnWB7zRuMnOAh48ybhOnwZU1j"}},{"senderKeyId":51529499,"senderChainKey":{"iteration":1,"seed":"meGzvKb7FdyVxRNsHymUX60UcHlXrXLYt4rV8pWOsyY="},"senderSigningKey":{"public":"BTjrOOHnCwvlVeeOhXgy3Lcozoq9FSNgVZDjxyPL9BsS"}}]