[{"senderKeyId":155677337,"senderChainKey":{"iteration":0,"seed":"l5gW3tfOItmhG1vCBnVKrsQWjgaB6CxgUZaOOb4c0xI="},"senderSigningKey":{"public":"BRvejz6g3Tf8JvSwQylQxrfLiFc8KPae9Qt3ZcZ0ytIo"},"senderMessageKeys":[]},{"senderKeyId":155677337,"senderChainKey":{"iteration":0,"seed":"l5gW3tfOItmhG1vCBnVKrsQWjgaB6CxgUZaOOb4c0xI="},"senderSigningKey":{"public":"BRvejz6g3Tf8JvSwQylQxrfLiFc8KPae9Qt3ZcZ0ytIo"},"senderMessageKeys":[]},{"senderKeyId":155677337,"senderChainKey":{"iteration":2,"seed":"dh0ZX27tfxTLx0WWiaxybNUnRY4OfDFR92jlwu8MVvs="},"senderSigningKey":{"public":"BRvejz6g3Tf8JvSwQylQxrfLiFc8KPae9Qt3ZcZ0ytIo"},"senderMessageKeys":[]},{"senderKeyId":1133251764,"senderChainKey":{"iteration":1,"seed":"lrt21RZXsWqLdLaCdW7iiMBmjpkc0pMdA0Kq8NzJB1Y="},"senderSigningKey":{"public":"BfaxtG001+sx+JAkBJaSGE6oGK/F78+Kb8PjcpLqMc8S"},"senderMessageKeys":[]},{"senderKeyId":1451888533,"senderChainKey":{"iteration":1,"seed":"Vr15gI/YSLmx7T9CMRCiJTCSxxDM8hZiM1NbGCf/d6w="},"senderSigningKey":{"public":"BYXWJ37aUxxocQcmLCl+JHNIpskztnOGzTjF90E7wbtm"}}]