[{"senderKeyId":1418052035,"senderChainKey":{"iteration":4,"seed":"7nn7vwZTA52r0TvdpbyiCoamRpiMK8WmO+bOdiRL8t4="},"senderSigningKey":{"public":"Bcm9EBFPxAA0e4vEUrzeGmNRUHGRqEyoxdbQSeDUP9B/"}},{"senderKeyId":2077883735,"senderChainKey":{"iteration":4,"seed":"rfsM7u+5f3SPxXyi2BLEmkap5ftSOVahcZgR4NVQ9rs="},"senderSigningKey":{"public":"BZKoMx1r4gwwtf7g+U50H7KUIiBWIoC519FtXo860K4o"}},{"senderKeyId":2097262129,"senderChainKey":{"iteration":3,"seed":"czHwdjDJ9uGAiRlWm99Vatq2c9zh0gLLb3IF4/FyOxA="},"senderSigningKey":{"public":"BekhLA5GroOGCL9dMw5yl6+WhNhlUf3aa7QB8ZXICmEM"}},{"senderKeyId":1401603658,"senderChainKey":{"iteration":2,"seed":"77z6OOxWQUuL5DhqpehO7UFTHmQxMfd1+BJCz8DG/4c="},"senderSigningKey":{"public":"Bbog8G1svzwIs1zGWsPSLkKVS1wWe9KKkKGB/jGaqOY8"}},{"senderKeyId":896711248,"senderChainKey":{"iteration":4,"seed":"saC4WiT3WKBNmOkobGRmx7J8xc9hRuMAEqGaMcOp89s="},"senderSigningKey":{"public":"Bca+W77SuZGhlWK0foQ0PmydY4py704MBk1mxmDebOxT"}}]