[{"senderKeyId":55564872,"senderChainKey":{"iteration":10,"seed":"LtBkTRjU8sXlpA2jFLBdB6KJ9+fOzyKQYIzdltjRvHg="},"senderSigningKey":{"public":"BXhwo7SGx+ecGRkq2FNo9SnVN/BJ5tT8ZyudcGvVCQ1B"},"senderMessageKeys":[]},{"senderKeyId":997612490,"senderChainKey":{"iteration":1,"seed":"P+LzlfpfjCoG67xFtjnZ7WBelqc1J1xKJg5SlXbhzvY="},"senderSigningKey":{"public":"BddNCSzn5M7ciXk0gj/IzN4HS93DifpIb0SSUJflsWEh"},"senderMessageKeys":[]},{"senderKeyId":874505751,"senderChainKey":{"iteration":2,"seed":"ADIuYABRPtiA2eeHovPnvJaybVMf0XOIzWHAvlwtYTM="},"senderSigningKey":{"public":"BcchBFlXkafpkt4RqiRO8CIdcnXhwba36VL1Dt0B805M"},"senderMessageKeys":[]},{"senderKeyId":1399440516,"senderChainKey":{"iteration":3,"seed":"T4j46/Z2ZKxPVjtn6QzsCCOchxBTY41fxWMIo7eWJLM="},"senderSigningKey":{"public":"BbXL4p161lj95ECF0XGPlKYEsKztDHtoXL86ZfGl8Q9/"},"senderMessageKeys":[]},{"senderKeyId":2082719261,"senderChainKey":{"iteration":2,"seed":"hf1oYFEswfgBCmlmTxOz/0iKeLaTzYh/ljKuZ8KXmRQ="},"senderSigningKey":{"public":"Bebyb6uCq0WeueX6iEh/+O7UgrEwXOMHjBXS0uiADlJn"}}]