[{"senderKeyId":1259228457,"senderChainKey":{"iteration":1,"seed":"jSN1mnHyUok3rGaEdopvmIqmiSvh0UGQhP1W6tjtgks="},"senderSigningKey":{"public":"BTy+853bNzE8Rct4z8CcB0zlfGru2FbaRjxrg00RJ+1M"},"senderMessageKeys":[]},{"senderKeyId":328402657,"senderChainKey":{"iteration":1,"seed":"5LXECeqwNchoZxuYAQoLDztJWqaULfKrVvfaNX5b+sA="},"senderSigningKey":{"public":"BfpUHmPlpM6a2o4VPIA6+GqRHEXwG3Vp89hBmA2woiIF"},"senderMessageKeys":[]},{"senderKeyId":1929840725,"senderChainKey":{"iteration":3,"seed":"Ut1TY8CMA2wrenSEDb1Zt+hbMwxloIdicBSBv/ARbMw="},"senderSigningKey":{"public":"BegafKAb+xOwwUW1i8Kj0BoheJNCCDHrJ4qlNlXwCpIg"},"senderMessageKeys":[]},{"senderKeyId":1696722739,"senderChainKey":{"iteration":3,"seed":"iw2GwCK5EYqDLKXGv42FVo9lqT5Q/GvWKzJM3S2MT1s="},"senderSigningKey":{"public":"BW02KOHEYFF3eTP4TAeMwEOkdb1kLp7YR8isXIMojGIJ"}},{"senderKeyId":1445754671,"senderChainKey":{"iteration":6,"seed":"mnHS/z9q/LepU43OgCpsH+lOAg+0c0+K2BPdpD4TE4I="},"senderSigningKey":{"public":"BVjbwESeYQA/ZVteiHzlJl7HhF+WCUtaioodOdyX2PIr"}}]