[{"senderKeyId":397104971,"senderChainKey":{"iteration":3,"seed":"49F/YMFMRJJHo4nqvOkCSZDWXfQLfyWVDjFaJdhGleo="},"senderSigningKey":{"public":"BYlcyg6RbEdiSF05B4OoRO8A2LlquFAisAgtjAK7WXYM"},"senderMessageKeys":[]},{"senderKeyId":83922818,"senderChainKey":{"iteration":16,"seed":"d9b4VMS7qBgYRfojs+BPnGcFKBCiBFzQpb8wQcqud10="},"senderSigningKey":{"public":"BbTkswaS5k8GV/PU0ej+ZIJSZ9n9irCoadJKWD9y6NJ0"},"senderMessageKeys":[]},{"senderKeyId":83922818,"senderChainKey":{"iteration":10,"seed":"Zy2qBtTB+nOE54XK4pmicyvq2c2C676mv3kujufJjjA="},"senderSigningKey":{"public":"BbTkswaS5k8GV/PU0ej+ZIJSZ9n9irCoadJKWD9y6NJ0"}}]