[{"senderKeyId":1735964334,"senderChainKey":{"iteration":1,"seed":"9SaQMKv8lyNWZPv1l+9HLmvbozWA3cJbLRfkmkEWIgw="},"senderSigningKey":{"public":"Bd/Gp8/zpTEKj0dIpU0CsKDzILxpTtDLNvjOf4c71UB6"},"senderMessageKeys":[]},{"senderKeyId":518584671,"senderChainKey":{"iteration":1,"seed":"xFNo/OdrMWJ8/ASC6swhYsy59FUKNBM652Caq7axzmY="},"senderSigningKey":{"public":"BWVZM76g9s2/qTwMKQnsksfrcCrI764skou+cEO8sKpP"},"senderMessageKeys":[]},{"senderKeyId":1735748463,"senderChainKey":{"iteration":1,"seed":"JsUpfXd0u/bIVLChDZlx5O/nWlebrc4e7t+sMzLd6Fg="},"senderSigningKey":{"public":"BRbcj35iUOSHc+DWAvVTBVLp4gDgVwm4x+G7DBc9xZgV"}}]