[{"senderKeyId":1492046046,"senderChainKey":{"iteration":15,"seed":"DW7S+LIg93hhtVZaAyeamjCJGFKFzhvwlF75g+aKDtg="},"senderSigningKey":{"public":"BZQOLZhyhfAqATySwNR1gcu+YpNMqnShllZaZeehV+0i"},"senderMessageKeys":[]},{"senderKeyId":625377528,"senderChainKey":{"iteration":1,"seed":"dFe4WEM1/wuIfeV+loDScejx/6lJR9ar/VquLCuN/iU="},"senderSigningKey":{"public":"Bb5pcAy9bJ1PvG9//MTdATpq6Ffh5BxvJ0+vX6nIoQEM"}},{"senderKeyId":1255298599,"senderChainKey":{"iteration":4,"seed":"vxMtGj6lxTxuFmlB2TcEsmsnxw65HR1vuHkI1+vCkPI="},"senderSigningKey":{"public":"BckU6/TwTWJ2B6/gYukxW0d3mDE20djVBQWMTulB67Uq"}}]