[{"senderKeyId":1639863885,"senderChainKey":{"iteration":0,"seed":"kdz7tzDVoSQS2N9MB1nZUeECMBFApnTiPvppdU6hbdE="},"senderSigningKey":{"public":"BQ6z0KSc5Q1R04TyTDziRRlaayzryaQWxK0PAIrU4dRl"},"senderMessageKeys":[]},{"senderKeyId":1445282005,"senderChainKey":{"iteration":2,"seed":"U/w6s8GVkcR1Gz90nsuHKMtYsz5HwI6YxBHUCrLsWDQ="},"senderSigningKey":{"public":"BW+ONqqWnl+z/3RS6FhinOnTO7Wv7WU83tQZ0nQFXc44"},"senderMessageKeys":[]},{"senderKeyId":2084095384,"senderChainKey":{"iteration":1,"seed":"uD6nzHOwLAwbG+SvAOtG6hIB43540vk8pI2bxskDoGo="},"senderSigningKey":{"public":"BTE7yyOM4iahSMqY3osoHVgsWrpmjfXCDvN7ya6QMAMU"},"senderMessageKeys":[]},{"senderKeyId":1291411046,"senderChainKey":{"iteration":22,"seed":"Kg6V8um4LtcZzm03ku7HZi0CfoS2cayZ/frPPTXM6Qw="},"senderSigningKey":{"public":"Be2tffWpvfy6Mckp++lG/NRSPEfzkSj4DTvrgTJVzuE0"}}]