[{"senderKeyId":845339101,"senderChainKey":{"iteration":5,"seed":"z3iU5wP8bV6rgUTd6LlnRKOruoLkjTNDp2CBD9MntSM="},"senderSigningKey":{"public":"BRklSXx+JUS94KStSVJPKaN4aZDP5dR8//Z9VmSvg4d8"}},{"senderKeyId":1322480988,"senderChainKey":{"iteration":1,"seed":"4y//btDlFJ5zGAbMJIWSm2aBLMnCnJPXcd2xvRLW1WU="},"senderSigningKey":{"public":"BTivab9XLGCB0aGuR4twMoXMsEUtOVCapzmc7+dvJTxG"}},{"senderKeyId":79000618,"senderChainKey":{"iteration":3,"seed":"ibJTUl2i5sQVc6G3L221849T2lKUtlijVUKyh03zfZU="},"senderSigningKey":{"public":"BZwOml1FseXz/2/FAPGGzgNj6dkFTqvTnbzL1W3blnVe"}},{"senderKeyId":453573815,"senderChainKey":{"iteration":1,"seed":"z+Lx1DSkn4CPW21mfP4AcL4/k+JJvyryJOAaNlz2NMo="},"senderSigningKey":{"public":"BfclCGnMKXMPseD2657F2c1NpIkspxbuDxjhCqQJUfI1"}}]