[{"senderKeyId":1085210639,"senderChainKey":{"iteration":1,"seed":"3XYovdbDm5qcUP90UnG4Pkp38ozCP5de+RCa5nfraKI="},"senderSigningKey":{"public":"BWVkdL9nMr3gr8e/2iMBQNl9Dv1CR+tm3AhQzELnqNNA"},"senderMessageKeys":[]},{"senderKeyId":1712913883,"senderChainKey":{"iteration":2,"seed":"7bF5z6zjE0EzH20p8VbKkMviTOSWuQOQ9KeEcazVu4o="},"senderSigningKey":{"public":"BSJzsP5xmuCal5RYlywxJI7c7hQe7k6oODHPWWIimqZH"},"senderMessageKeys":[]},{"senderKeyId":1954823616,"senderChainKey":{"iteration":1,"seed":"tk/xupUIBnvJA2a6+MV7OTNOX/Lhn/HUvIm9R5EJmkU="},"senderSigningKey":{"public":"BUCchFtouxLjrBrqfDUh5lGtGdMXswHQhkL3UPor/oEs"},"senderMessageKeys":[]},{"senderKeyId":1904805634,"senderChainKey":{"iteration":8,"seed":"gHuvfN6AWCGFbVvTSEVNJHHWGz7QAtki65qz+m4TpDA="},"senderSigningKey":{"public":"BczeynfTKKyI3VgrxIp99B2f15LV7sssQKU1TcDd3uIX"},"senderMessageKeys":[]},{"senderKeyId":178335134,"senderChainKey":{"iteration":10,"seed":"ZFgv0xhoLvS2KbJIHBmJng6qk6vp86p2q7t3daAUcG4="},"senderSigningKey":{"public":"BfPvu6fFjlDV2dZ0CGDhvj639rBMt7sB7oQ/7H5vwPMo"},"senderMessageKeys":[]}]