[{"senderKeyId":1777806941,"senderChainKey":{"iteration":1,"seed":"Jx9c1LX3PU+mpONRa9GIZdKjuSsS6HTHiUoRKBe07u4="},"senderSigningKey":{"public":"BQG41kum9uvFkKLj2qEo0Bg/VUGgDIr1lMPcbOIjpA1C"},"senderMessageKeys":[]},{"senderKeyId":719485647,"senderChainKey":{"iteration":17,"seed":"/R4OE8AYuAUFS2LWiLPXsYs3uh8qkYYKNvQi0n1gYT4="},"senderSigningKey":{"public":"BaRZyPRZINaaiGvl4ICRtV6TwxmoPOZVynUSiCPfjghm"},"senderMessageKeys":[]},{"senderKeyId":2087441722,"senderChainKey":{"iteration":3,"seed":"7scHPrlp7dWcaHSZrzZ6y1jc2W1fUwC8lrgL9xIh6lk="},"senderSigningKey":{"public":"BTlOmQa3RfNVEiJzz7UAT+YXs6nzrYURWwg4yjXpAU4y"},"senderMessageKeys":[]},{"senderKeyId":901040087,"senderChainKey":{"iteration":1,"seed":"QtIuF2py9+1Xnypp8tX7lKLA1rIah637wRhEvrATC6Y="},"senderSigningKey":{"public":"BQ0WnYhSJj0UdA+evVZhjaQHnLJZWbAH7ctiDavHUjJs"},"senderMessageKeys":[]},{"senderKeyId":1335385761,"senderChainKey":{"iteration":4,"seed":"BLVTQ26N9lYGvyt0+UTM8aPTrTZ16N9+QyEXNqLPlO8="},"senderSigningKey":{"public":"BW6Sq7Jf8YZZ8Bie8HTbaijiGvPIAlDQ3js1x5eQOQ1G"}}]