[{"senderKeyId":1103522929,"senderChainKey":{"iteration":2,"seed":"MBuoTB2VMKgwvEj5mYN99nwod6VltMTN2qOgfU5kwJU="},"senderSigningKey":{"public":"Ba8EPUqM02Oj5kDElhpNRe8Bd5V1A7kQK3va1o7oH+hf"},"senderMessageKeys":[]},{"senderKeyId":631890217,"senderChainKey":{"iteration":1,"seed":"SK9EgYs2sxoOXDWmNuNciRSTZ5BxHKCAbwOSSXvLGQM="},"senderSigningKey":{"public":"BewLW0udn2pHz1iZ2KpUCq4B3fZ2uwlNcVUOdTsdxWZC"},"senderMessageKeys":[]},{"senderKeyId":631890217,"senderChainKey":{"iteration":0,"seed":"6Yr7LdWOkw/hQakALL4bMlN78oFKlL59zaJejzsCAZA="},"senderSigningKey":{"public":"BewLW0udn2pHz1iZ2KpUCq4B3fZ2uwlNcVUOdTsdxWZC"}}]