[{"senderKeyId":1304109750,"senderChainKey":{"iteration":6,"seed":"AAZmD8SxUFEuTA2pjNzS2taN6cji3W8UxexlGVN7Pww="},"senderSigningKey":{"public":"BeRBkpzf22Sc9QV5HtdviKwDnyS4tMzq+l+TexzWUvlt"},"senderMessageKeys":[]},{"senderKeyId":1216033999,"senderChainKey":{"iteration":11,"seed":"JWLJcI2BaZ0Jds8HekSyNCF5nAYoB3GbLItdJcT79wI="},"senderSigningKey":{"public":"BSBtwNCKf/zSk1FEfL++O8XBWNSqIZVev3wXbuo94ZtF"},"senderMessageKeys":[]},{"senderKeyId":1216033999,"senderChainKey":{"iteration":2,"seed":"EjEH6QIx84k6ISQY8SeBpkwOcct9KG5YIkyX311yQ7g="},"senderSigningKey":{"public":"BSBtwNCKf/zSk1FEfL++O8XBWNSqIZVev3wXbuo94ZtF"},"senderMessageKeys":[]},{"senderKeyId":1426171812,"senderChainKey":{"iteration":0,"seed":"1CG6xIkYAxJFimwCVeNbgfHNtqz8yIIWtIK+M0Q+/Fs="},"senderSigningKey":{"public":"BSJnvFT48n1eUC7RTxxA2kYNUXbK3q9A+XceGjvBpRlV"}}]