[{"senderKeyId":1322643672,"senderChainKey":{"iteration":1,"seed":"5JNQKQ2fDhkz0HDgE7RkMPNrRqcJGSomDtCEKr9F7cg="},"senderSigningKey":{"public":"Bf6jJ3QAVa4Fr936LeAOtpbUfkgvoFumwEKceyhX0N0m"},"senderMessageKeys":[]},{"senderKeyId":1689454472,"senderChainKey":{"iteration":2,"seed":"4pYoXmADaPZ/UxKE+OWrzgDxA0P1IZhc0xofqUIBCPg="},"senderSigningKey":{"public":"Bd3DopgNKcv/EBNHD3s9FM9NuhiKEOVMwsaMhAz/5qBJ"},"senderMessageKeys":[]},{"senderKeyId":1324714213,"senderChainKey":{"iteration":1,"seed":"hbIgBYwz8Ipeij7Jxulv5sIMxT/tAJr2jNWMxeqVTlY="},"senderSigningKey":{"public":"BYQZSP3pWFFTk7GFRQPWQwwWi22JzyLV8T1+613kyWx9"},"senderMessageKeys":[]},{"senderKeyId":862450969,"senderChainKey":{"iteration":9,"seed":"bTYOWCIN1egCNXG9ATXf438XYrb7aLGJHnp7Fyu7KHs="},"senderSigningKey":{"public":"BQyKXwo+1xx28p24lVfO47D4yZ7q+HDKzqCoyO6RjnEJ"},"senderMessageKeys":[{}]},{"senderKeyId":862450969,"senderChainKey":{"iteration":1,"seed":"HCjmezHd0Mgf959fK6O/en1yn7K7xctUO2eoEWrToh4="},"senderSigningKey":{"public":"BQyKXwo+1xx28p24lVfO47D4yZ7q+HDKzqCoyO6RjnEJ"},"senderMessageKeys":[]}]