{"_sessions":{"BW1P8iF1Vc6w+Licmf9CK1/DXSySny96SyVEYo7Clq80":{"registrationId":1902265483,"currentRatchet":{"ephemeralKeyPair":{"pubKey":"BeU5HamqjW8PIam3ME5JBqQwM1Bp/TZiasJyKumep2Iv","privKey":"2DPazPZa0rKYy/DxK47JaJSx7r+N23mN1vUENMtvZH8="},"lastRemoteEphemeralKey":"BRXq7gnqz/zf0kZYRv2zCBiXUkWetLufkN1DpqgU6Pxs","previousCounter":0,"rootKey":"0K59mPrzAir1xZBwPB11HdY5C4h0mbSG9+kU925xzzE="},"indexInfo":{"baseKey":"BW1P8iF1Vc6w+Licmf9CK1/DXSySny96SyVEYo7Clq80","baseKeyType":1,"closed":-1,"used":1753669404216,"created":1753669404216,"remoteIdentityKey":"BcVAJNvBjkNSVdTaXhokVxeTHvStcZsckE4BZsMindI4"},"_chains":{"BeU5HamqjW8PIam3ME5JBqQwM1Bp/TZiasJyKumep2Iv":{"chainKey":{"counter":0,"key":"6rTE+slZP6PYYZeJCkz/IiGUk55no7ShS3WvWOZuqoQ="},"chainType":1,"messageKeys":{}}},"pendingPreKey":{"signedKeyId":10483599,"baseKey":"BW1P8iF1Vc6w+Licmf9CK1/DXSySny96SyVEYo7Clq80"}}},"version":"v1"}