{"_sessions":{"BS62q41Fcl9Pnv6Z0xzwfjLHqXL1wtcwuG6Xdr9a3ZAx":{"registrationId":1281271820,"currentRatchet":{"ephemeralKeyPair":{"pubKey":"BTiW/fcTLW+kPRWITUTPif5ofpKaamY0il/xFsYM0MxD","privKey":"4IWxM8q//fnid/oCv+uB/kjuLPcfw0PhdiOY0CxvjEs="},"lastRemoteEphemeralKey":"BfzM++GCo/wYBM0bV4s6T1XFF6bTz6yfRvhzKKYLZJFC","previousCounter":0,"rootKey":"Pq5mXsZhXNJ4YaAha/1ALpKBD43XGQv5oY7XOFnI1LE="},"indexInfo":{"baseKey":"BS62q41Fcl9Pnv6Z0xzwfjLHqXL1wtcwuG6Xdr9a3ZAx","baseKeyType":2,"closed":-1,"used":1753918572294,"created":1753918572294,"remoteIdentityKey":"BcN/5yxM8NO3uro25oEXAqc2ZyprNV0bxRmpkygRQyUA"},"_chains":{"BfzM++GCo/wYBM0bV4s6T1XFF6bTz6yfRvhzKKYLZJFC":{"chainKey":{"counter":1,"key":"4qYBl4dWxesTSwBRTvUy4sCpsKPAk8IXFGPjhbuJLzQ="},"chainType":2,"messageKeys":{}},"BTiW/fcTLW+kPRWITUTPif5ofpKaamY0il/xFsYM0MxD":{"chainKey":{"counter":-1,"key":"HTfiXAGmtqssfei2PUlCtSYrFksyWiq60v+OpE4hzZ8="},"chainType":1,"messageKeys":{}}}}},"version":"v1"}