{"_sessions":{"BZcTyuokGS4HLU0uQc7t9w+Jg95FQEd/7vlFMS8+ubkP":{"registrationId":1470560712,"currentRatchet":{"ephemeralKeyPair":{"pubKey":"BYWFYW001VmfKlfYRrnA8AE+WEc8pnt2eJav2bO79VM/","privKey":"+Oe50hqBwkPh/EAXuZuXHDbSkKE8AUbXdblwwUFZP0U="},"lastRemoteEphemeralKey":"BY8tztlWzqRWpOoAn3oV0nMmw0s+h3yX8G2PbHQ4jXg0","previousCounter":0,"rootKey":"reSNncExR1h8eZQVZEAtxSW+dUzZqIujlvrwgPObt58="},"indexInfo":{"baseKey":"BZcTyuokGS4HLU0uQc7t9w+Jg95FQEd/7vlFMS8+ubkP","baseKeyType":1,"closed":-1,"used":1753669401607,"created":1753669401607,"remoteIdentityKey":"BS/mjvETvplCiSfTC9guDMTFE/5bDZ9pnG6Mnsd6OXMx"},"_chains":{"BYWFYW001VmfKlfYRrnA8AE+WEc8pnt2eJav2bO79VM/":{"chainKey":{"counter":0,"key":"GYnNOB3lMTBQ66QpOuJiXBtOeYEi+LQ9AMDmXmSANuA="},"chainType":1,"messageKeys":{}}},"pendingPreKey":{"signedKeyId":5,"baseKey":"BZcTyuokGS4HLU0uQc7t9w+Jg95FQEd/7vlFMS8+ubkP","preKeyId":14070823}}},"version":"v1"}