{"_sessions":{"BSrBXmM5iTV/IV4IHuiXHrVFsIcHhM72yX9yhxlZYP0+":{"registrationId":105447623,"currentRatchet":{"ephemeralKeyPair":{"pubKey":"BSUgshhAiuoUjt/M+vcgpTqvX8IHNHFv3iaqXRTsnhk5","privKey":"4Bsm3pbnIiENOshdKHVPD19WoJ2iOSuH2fKp5bzrrVQ="},"lastRemoteEphemeralKey":"Bb6HK1VYPYyAxLYeTM0195rpWSG3OHuWHeRtgDDqQjIV","previousCounter":0,"rootKey":"4pRNbQiLigKXSoWA87tOlIzOB9UcG+OXX3GmvCc8cYA="},"indexInfo":{"baseKey":"BSrBXmM5iTV/IV4IHuiXHrVFsIcHhM72yX9yhxlZYP0+","baseKeyType":2,"closed":-1,"used":1753928169489,"created":1753918627054,"remoteIdentityKey":"BeP+9qrZJlYIvfVple4EbISnEhCdVC/tpVz/M0b6P8tG"},"_chains":{"BcBDEQhFBeK4dfSYNc81UsGRq7e5OVlGt8ghmTCbzMZC":{"chainKey":{"counter":0},"chainType":2,"messageKeys":{}},"Bb6HK1VYPYyAxLYeTM0195rpWSG3OHuWHeRtgDDqQjIV":{"chainKey":{"counter":0,"key":"fRJb+r70frlvCLfi2OsyhrrtDpdQJp3chfD5FjlPk9M="},"chainType":2,"messageKeys":{}},"BSUgshhAiuoUjt/M+vcgpTqvX8IHNHFv3iaqXRTsnhk5":{"chainKey":{"counter":-1,"key":"Ic9o7iSISzaV1a9Oltaxr2TTA7Vm9CmAH1dVXdf2D7k="},"chainType":1,"messageKeys":{}}}}},"version":"v1"}