{"_sessions":{"Bb5vmBQatnkOdMe49wCyRUT4y4uMMRTt2UFYk7VoweZG":{"registrationId":230677818,"currentRatchet":{"ephemeralKeyPair":{"pubKey":"BR86UiA6qUpBHVdJ/eaQsVflJo+4IJuP2AqYMkfMflpC","privKey":"gMesznh99EY8sSbNFEb0AU9wUk5J+blpua5wAWVNMls="},"lastRemoteEphemeralKey":"BQrn+i1G3dAvkxnqVkcWegK1xV+dLjY4GqninPB/uGJZ","previousCounter":0,"rootKey":"9IOz9PaK/GoA91gp0WjCUo42wZLwvWGSQa4De6tYfJw="},"indexInfo":{"baseKey":"Bb5vmBQatnkOdMe49wCyRUT4y4uMMRTt2UFYk7VoweZG","baseKeyType":1,"closed":-1,"used":1753919136554,"created":1753919136554,"remoteIdentityKey":"Bba7aJCAGkFDEF786sDExw0Oda/xwvREYBqhxGWZDQ5s"},"_chains":{"BR86UiA6qUpBHVdJ/eaQsVflJo+4IJuP2AqYMkfMflpC":{"chainKey":{"counter":0,"key":"d38LrHNrHC/y/Q4eX1hg0vk99u/WM3+D7qwMDsGoRUc="},"chainType":1,"messageKeys":{}}},"pendingPreKey":{"signedKeyId":0,"baseKey":"Bb5vmBQatnkOdMe49wCyRUT4y4uMMRTt2UFYk7VoweZG","preKeyId":2414515}}},"version":"v1"}