{"_sessions":{"BRnE8FuOpBJjdAabugshA861jcD2MffMVCwPbJ0pu1RD":{"registrationId":1892199316,"currentRatchet":{"ephemeralKeyPair":{"pubKey":"BVZZm/+j+Wr1vZufUwXtK4RU754e7UJwQLO4B0uiuOha","privKey":"IH1y5Eo46PXa6lb/w08J5UeWd4pEiH6tmN/rGFxBZ18="},"lastRemoteEphemeralKey":"BVvVUQgy60+tg1NAbZwl4FBHq+BRYaqBcZnLXlhbSfNB","previousCounter":0,"rootKey":"GM8jfUTiWKORUSNqrYULVl88GXQYRijtpF2ZZ3a0XH8="},"indexInfo":{"baseKey":"BRnE8FuOpBJjdAabugshA861jcD2MffMVCwPbJ0pu1RD","baseKeyType":2,"closed":-1,"used":1753918553019,"created":1753918553019,"remoteIdentityKey":"BWJxbtibFybG0uWwIYkxaxIBEPy4uFQBpKdEp11msNon"},"_chains":{"BVvVUQgy60+tg1NAbZwl4FBHq+BRYaqBcZnLXlhbSfNB":{"chainKey":{"counter":0,"key":"WRv6YwJ1IpCQU63l4Q82CXwh14zmDH60V7xFmYW5g1w="},"chainType":2,"messageKeys":{}},"BVZZm/+j+Wr1vZufUwXtK4RU754e7UJwQLO4B0uiuOha":{"chainKey":{"counter":-1,"key":"5uTqA3u71KWUPN36/q6ugcyk9emmXRyfB3ujQ+N3onk="},"chainType":1,"messageKeys":{}}}}},"version":"v1"}