{"_sessions":{"BQR/V5vPsw9dkQJiVEmQc/hJrv1cejnNagGmGs7Nh9xS":{"registrationId":2030014969,"currentRatchet":{"ephemeralKeyPair":{"pubKey":"BW+caF1HuGQoTdnLZVOWAcCCMOBzzeElQlMP0Xikmwcv","privKey":"uLWsjsjp2gfN8Ozn8BMd09++RcuJewRCJ3tTMp90bmM="},"lastRemoteEphemeralKey":"Bfz/LL7awDF7SSMxZecord9y2IUdD/kmPBlqaW6/kF55","previousCounter":0,"rootKey":"1dhyGi/l7SrXWd/nEICyibM5y+HGIWpCibqO8ieGgOM="},"indexInfo":{"baseKey":"BQR/V5vPsw9dkQJiVEmQc/hJrv1cejnNagGmGs7Nh9xS","baseKeyType":1,"closed":-1,"used":1753669401597,"created":1753669401597,"remoteIdentityKey":"BSWwOnNc2yzFLQOy5O280bWFP55KnXgezWqNvfJkQIk0"},"_chains":{"BW+caF1HuGQoTdnLZVOWAcCCMOBzzeElQlMP0Xikmwcv":{"chainKey":{"counter":0,"key":"pat8BZCJKcutnIlNMkf5xQON2V2VwhJN8g2Tcdemg5k="},"chainType":1,"messageKeys":{}}},"pendingPreKey":{"signedKeyId":9337154,"baseKey":"BQR/V5vPsw9dkQJiVEmQc/hJrv1cejnNagGmGs7Nh9xS"}}},"version":"v1"}