{"_sessions":{"BY8zfCqFJ6xCruWxdckqYY5/jkJ9bMrrkx19DZXWhuA2":{"registrationId":387,"currentRatchet":{"ephemeralKeyPair":{"pubKey":"BfKXrELeNwKvkLDo+/wt6U8sckMBfFWwQO/iDAjzo9Nn","privKey":"eDrQkTxDMH2Ar8rYYPpnBeGHi2N5sFgf6Hzl/+tk2F0="},"lastRemoteEphemeralKey":"BdKOFcczpg8yiKWjGEIL/jW6vpBvScbETzqnrzbDit8Z","previousCounter":0,"rootKey":"zZEWs9UmVEDeUFacTeOTuHX53MN23WovQlOwErmiRAQ="},"indexInfo":{"baseKey":"BY8zfCqFJ6xCruWxdckqYY5/jkJ9bMrrkx19DZXWhuA2","baseKeyType":1,"closed":-1,"used":1753919136771,"created":1753919136771,"remoteIdentityKey":"BQVC4IEwErl0E7wys6qxR3w29kAmEUqnBTLkSJl/Z3Y2"},"_chains":{"BfKXrELeNwKvkLDo+/wt6U8sckMBfFWwQO/iDAjzo9Nn":{"chainKey":{"counter":0,"key":"wjSvXEi/ZVQMOHTigk8X/VtJEjpcAOFVjwiu2AJERck="},"chainType":1,"messageKeys":{}}},"pendingPreKey":{"signedKeyId":1,"baseKey":"BY8zfCqFJ6xCruWxdckqYY5/jkJ9bMrrkx19DZXWhuA2"}}},"version":"v1"}