{"_sessions":{"BSjFnGpsGG1jRcNgX0J1oK33Paqu4K3FFXRh2HvpKH0G":{"registrationId":373048145,"currentRatchet":{"ephemeralKeyPair":{"pubKey":"BTmhMxarkBcsvH3KqFQKX0M7d57YFG37NNdmFp4I7Mk6","privKey":"sOIolwKoAzKF6MuZl8cTKEDKe4ufZSXvf7EuUIN3Rl4="},"lastRemoteEphemeralKey":"BQsAJGxO58oU/hNYylkRRAJnREmLcYffBDdo+YIQg38p","previousCounter":0,"rootKey":"AhX66BCyvD93PoK3K1MPUqmVSigfhFZPHmP6sVPj+6g="},"indexInfo":{"baseKey":"BSjFnGpsGG1jRcNgX0J1oK33Paqu4K3FFXRh2HvpKH0G","baseKeyType":1,"closed":-1,"used":1753990587237,"created":1753669401610,"remoteIdentityKey":"Bcaen91/D8jwKypzwuB7AlL+6y6djlagA9av+mgUtsgR"},"_chains":{"BQsAJGxO58oU/hNYylkRRAJnREmLcYffBDdo+YIQg38p":{"chainKey":{"counter":21,"key":"YC9DI9C2dxGlRKgACNj/dLP/I4CUT2DodFV68QxdFBo="},"chainType":2,"messageKeys":{"0":"Q77CkxyWD+iE9lf+nQxHrEs1UkKpFcdls0Dvdx+KPws=","1":"WXx1Osu0yurULXPBMIH6ulTUcNfp/y9g+DsG/FvmVdE="}},"BTmhMxarkBcsvH3KqFQKX0M7d57YFG37NNdmFp4I7Mk6":{"chainKey":{"counter":-1,"key":"4hOhfLo1zfyZ1vwnwDA4ZSOiOKgxyHFp7T8QXwsYhk0="},"chainType":1,"messageKeys":{}}}}},"version":"v1"}