{"_sessions":{"BRFYFWxP/fJlrTNHlk3A96RvtGV5WgtxwIaqI8CqtRU9":{"registrationId":1753312953,"currentRatchet":{"ephemeralKeyPair":{"pubKey":"BapH/kvi5Zic3epc3okIV+CAkCFJd4mim/fCnKs1x+Ad","privKey":"GPdnh6dgFOkdrwLmyXs0S6gLG9SoZ87fOtv7kRbvQEM="},"lastRemoteEphemeralKey":"BQftNIXrDlG4Nevb9bZkaAxaLKBlOQi7EFi0Jt0RiwU5","previousCounter":0,"rootKey":"YCb3ZEvAEzYltmU5OCS4xMrupH6+O29rBqAaPAQU2qM="},"indexInfo":{"baseKey":"BRFYFWxP/fJlrTNHlk3A96RvtGV5WgtxwIaqI8CqtRU9","baseKeyType":1,"closed":-1,"used":1753918626972,"created":1753669401616,"remoteIdentityKey":"BXpk+rJYSFpw0GTG+qCJL0hr+Nsn//jv7m3usjh/wLZP"},"_chains":{"BQftNIXrDlG4Nevb9bZkaAxaLKBlOQi7EFi0Jt0RiwU5":{"chainKey":{"counter":7,"key":"E/SCn8y3jmlV+bDMGVYDYerP0PB8CMsuh91LZxcjOYQ="},"chainType":2,"messageKeys":{"1":"VeTMZ5qSe2iXlZy06QxpGeaxxAOUWTD4o8+y7zldXms="}},"BapH/kvi5Zic3epc3okIV+CAkCFJd4mim/fCnKs1x+Ad":{"chainKey":{"counter":-1,"key":"7wx3FPH6S3r2fwK9MSukBVRMVFy5QEs+yuU80o3Eq+k="},"chainType":1,"messageKeys":{}}}}},"version":"v1"}