{"_sessions":{"BTDFQcK4tlQ/NsM0RaV5iJD+Czjbsq0Wf12ozcLLSxdp":{"registrationId":502532698,"currentRatchet":{"ephemeralKeyPair":{"pubKey":"BfJmdQHBvTG/v1mULPD1eCiFFtjv+dqXGYjyeUSC/vAr","privKey":"QCERGKDDAQf7QKaNWNkJjkUbZyK+6ZFG9GARW7Xwbm8="},"lastRemoteEphemeralKey":"BTXW3PVUEQhmuuhoUgdTZiX02qysb3NwtZ2O7ldB0Vkd","previousCounter":0,"rootKey":"kRRR+fmXzdaI1/nfr5a+oO7ty2bzse1KxGCs2aJzzN0="},"indexInfo":{"baseKey":"BTDFQcK4tlQ/NsM0RaV5iJD+Czjbsq0Wf12ozcLLSxdp","baseKeyType":1,"closed":-1,"used":1753669401590,"created":1753669401590,"remoteIdentityKey":"BdPWWXbt/W7Rbybt4wT97Jy6dXDP/pQ3SFOa/y2zwbgI"},"_chains":{"BfJmdQHBvTG/v1mULPD1eCiFFtjv+dqXGYjyeUSC/vAr":{"chainKey":{"counter":0,"key":"2Ds7qo2TJxpWwFG2yTsEWStEvh9okf2pX6KXCOQVydI="},"chainType":1,"messageKeys":{}}},"pendingPreKey":{"signedKeyId":10388449,"baseKey":"BTDFQcK4tlQ/NsM0RaV5iJD+Czjbsq0Wf12ozcLLSxdp","preKeyId":4913}}},"version":"v1"}