{"_sessions":{"BYmsRIjkYCT+wBi4NTsYjCKGv/KVyLsVaBG5zWzLzXV1":{"registrationId":762202597,"currentRatchet":{"ephemeralKeyPair":{"pubKey":"BR3STcdgyMgDh74vdAjrTg2HhlnMwWa2kzBXfC4x5zYk","privKey":"UAvFKMxr04x6TiYa2xPS2P2Y/P/N7I3gIFW0Byr6GFM="},"lastRemoteEphemeralKey":"BX7xjMjf0B6jec7L7tf5dqWAUKqeblp264ofib15n6d+","previousCounter":0,"rootKey":"VA+YS5pxo4koh/y+cBNWqf3hEJGqrpWPei+Q3TcLBRs="},"indexInfo":{"baseKey":"BYmsRIjkYCT+wBi4NTsYjCKGv/KVyLsVaBG5zWzLzXV1","baseKeyType":1,"closed":-1,"used":1753669401613,"created":1753669401613,"remoteIdentityKey":"BcnRQERepbMtP97hh7ZrElqzFD8C1WFDadI1As3WR2sb"},"_chains":{"BR3STcdgyMgDh74vdAjrTg2HhlnMwWa2kzBXfC4x5zYk":{"chainKey":{"counter":0,"key":"WfXwY3ShR+ucOTujtEL5yIaji8KtHLF4ZES6TkIZZ0U="},"chainType":1,"messageKeys":{}}},"pendingPreKey":{"signedKeyId":0,"baseKey":"BYmsRIjkYCT+wBi4NTsYjCKGv/KVyLsVaBG5zWzLzXV1"}}},"version":"v1"}