{"_sessions":{"BUn+XKw/z+7cyfVB/AT+GxVOdmOm9IhrOyyOk1PGJ9YC":{"registrationId":1628925101,"currentRatchet":{"ephemeralKeyPair":{"pubKey":"BcUNDMnJ8s0YcMNwyNbOIoM3gxuKe2Md0CSgXENABbgx","privKey":"2H5UnZhfaKwQ+wdwHLth/5Zyg02Q6sjS6nIzJQFvVXs="},"lastRemoteEphemeralKey":"BcFjCXDjktJaBrFvP8NvFXffr8BV39lzFlMXb5ifIaA+","previousCounter":0,"rootKey":"GkEYKeSNEADAmWQFepn9WyoYSLOcN4Nl8DLMf2TKKQA="},"indexInfo":{"baseKey":"BUn+XKw/z+7cyfVB/AT+GxVOdmOm9IhrOyyOk1PGJ9YC","baseKeyType":1,"closed":-1,"used":1753671030064,"created":1753669401603,"remoteIdentityKey":"BZSuO7f0I0ol/iZBQHqE5J78N6PcKPLNe6CmjYz22tw9"},"_chains":{"BcFjCXDjktJaBrFvP8NvFXffr8BV39lzFlMXb5ifIaA+":{"chainKey":{"counter":0,"key":"Kk0EFEdt0GFwMaD2yYu4dWPox/4CY5D9wIecbw4DnP0="},"chainType":2,"messageKeys":{}},"BcUNDMnJ8s0YcMNwyNbOIoM3gxuKe2Md0CSgXENABbgx":{"chainKey":{"counter":-1,"key":"3UnH8GWrZfMUtVhCGaHS1YAgWnyWOAw63H3NIGRTkt8="},"chainType":1,"messageKeys":{}}}}},"version":"v1"}