{"_sessions":{"BV1OQsblFcJMICxnfaZNuIDVOHU4bs8z+hj9Jq37onhq":{"registrationId":1858863733,"currentRatchet":{"ephemeralKeyPair":{"pubKey":"BeDVw6V5G1n3uC6E4issMlsxV0DfzN13n5LWqbXLgi4F","privKey":"IJfxgsj2YkdJYmypwF+RRwPkhfXYZ8sem6tnsu/KhE0="},"lastRemoteEphemeralKey":"BbKGdlujjzR6JKoWfWqfyoatekwu8A7ueLq65ykOxaEH","previousCounter":0,"rootKey":"NqvI0krv4JBXA0nJaqv3RPHiTKjQTsWEvIwdFda49pM="},"indexInfo":{"baseKey":"BV1OQsblFcJMICxnfaZNuIDVOHU4bs8z+hj9Jq37onhq","baseKeyType":2,"closed":-1,"used":1753918457177,"created":1753918457177,"remoteIdentityKey":"BSttGppooR1wnFlKtovBOo2VSz0nb6Bd7SUpZ8y97sto"},"_chains":{"BbKGdlujjzR6JKoWfWqfyoatekwu8A7ueLq65ykOxaEH":{"chainKey":{"counter":4,"key":"KT6NxdD5/mN+CDAgQQlemk+n+AggishonUCRsiNZnvU="},"chainType":2,"messageKeys":{}},"BeDVw6V5G1n3uC6E4issMlsxV0DfzN13n5LWqbXLgi4F":{"chainKey":{"counter":-1,"key":"Fhp/DFKGjxijA36yArKbDbAzPAx/9LX3ZDY56JPFTSI="},"chainType":1,"messageKeys":{}}}}},"version":"v1"}