{"_sessions":{"Bcygosss8j1tWaQ6KhibG6t5MYQbGuKJMMeT9/JOTQQ8":{"registrationId":855030935,"currentRatchet":{"ephemeralKeyPair":{"pubKey":"BRb+Gbn6tpv1fGbwm5xv/f1/Uu+49d4ZIy67mL0RDiJj","privKey":"sLi5sBa4pH6zZ5JRPMyig2GTzsfPAVou1I7xc7u8NUs="},"lastRemoteEphemeralKey":"BUO2SI2MmWA9OaHYny+TGVdraB6/HvEjfaWtAKEmyP1F","previousCounter":0,"rootKey":"ZVSEEUjKr5XoN0cqd7nsVGztt/wn9sDmnjuZT7iBU/8="},"indexInfo":{"baseKey":"Bcygosss8j1tWaQ6KhibG6t5MYQbGuKJMMeT9/JOTQQ8","baseKeyType":1,"closed":-1,"used":1753669401593,"created":1753669401593,"remoteIdentityKey":"BX70P4o4Vw/UC6CTK8Ien/AXv/UKxALjaZXDzvWJ47kK"},"_chains":{"BRb+Gbn6tpv1fGbwm5xv/f1/Uu+49d4ZIy67mL0RDiJj":{"chainKey":{"counter":0,"key":"QQEOR8CbiJvF+8LjmeDa3x4sEux4PkdT5tdEnCmE7ao="},"chainType":1,"messageKeys":{}}},"pendingPreKey":{"signedKeyId":11,"baseKey":"Bcygosss8j1tWaQ6KhibG6t5MYQbGuKJMMeT9/JOTQQ8","preKeyId":742210}}},"version":"v1"}