{"_sessions":{"BQsRtGGdB1/eX4Bu9S8y/1yAuj14nUN0OnLjweWgj0sg":{"registrationId":1438351229,"currentRatchet":{"ephemeralKeyPair":{"pubKey":"BVJyEHX+zhEI5Vj0bSMXiyclJhg54SS10u0/dSZOJ3RS","privKey":"wFgOGEUa2u0BtqVKPcuL0vdaMgIUh+NqSUS4aZLDP24="},"lastRemoteEphemeralKey":"BTWK8DNcnJDPOsZnJHoP5xDqCqs7IsNrnmBnLTw2rbEo","previousCounter":0,"rootKey":"aGwzXvtzDaIAbaYQQE0vscR60Ctquq7PNGvadq6ycTg="},"indexInfo":{"baseKey":"BQsRtGGdB1/eX4Bu9S8y/1yAuj14nUN0OnLjweWgj0sg","baseKeyType":2,"closed":-1,"used":1753918559863,"created":1753918559863,"remoteIdentityKey":"Ba72e7Ug5CannM12Sd1myFPyh/ydB0LmgFmpAQqqJc9O"},"_chains":{"BTWK8DNcnJDPOsZnJHoP5xDqCqs7IsNrnmBnLTw2rbEo":{"chainKey":{"counter":0,"key":"iDnPQq70M6yKc+9NM5GNnbpsTOAbaZCw78pMkO/yBrA="},"chainType":2,"messageKeys":{}},"BVJyEHX+zhEI5Vj0bSMXiyclJhg54SS10u0/dSZOJ3RS":{"chainKey":{"counter":-1,"key":"wj5Xr0oTXs27LdgB8rGWmGiPaw7TIiLB8nA4hJGVGf0="},"chainType":1,"messageKeys":{}}}}},"version":"v1"}