{"_sessions":{"BXG6suyHzVscRovErMg3qfC+Hgb0VXApRI+lcaWE9ttS":{"registrationId":760616923,"currentRatchet":{"ephemeralKeyPair":{"pubKey":"BWMH6gDs4Lu5ekIUbvPgPBjufDn4cyD/RHDAHiOsZFkb","privKey":"8GIIhLWI3O3jO7rId4gt7XL1wY+NtdjSjn1RfNSJYGg="},"lastRemoteEphemeralKey":"BSRG5G+4Z5iM9xIMtpnSgjY1bxFKez3x9yNfIr03j98h","previousCounter":0,"rootKey":"l2HhIL5aZiv8/mvw2matysVF320T4ApWYYC8AJp0Me0="},"indexInfo":{"baseKey":"BXG6suyHzVscRovErMg3qfC+Hgb0VXApRI+lcaWE9ttS","baseKeyType":1,"closed":-1,"used":1753933943587,"created":1753933930506,"remoteIdentityKey":"BYnElR45OmLoQqXf90dp8zr/WNR1K/vR8KJVi/Jp9+JW"},"_chains":{"BSRG5G+4Z5iM9xIMtpnSgjY1bxFKez3x9yNfIr03j98h":{"chainKey":{"counter":0,"key":"7CYWjvEtgYvhot9VwJ2WvaXjvy2tf9dH4oTe1Q12GyI="},"chainType":2,"messageKeys":{}},"BWMH6gDs4Lu5ekIUbvPgPBjufDn4cyD/RHDAHiOsZFkb":{"chainKey":{"counter":-1,"key":"WxyVO2q4RCk/BOjg76Tuug6f00X1doPd+qpoZPKFm14="},"chainType":1,"messageKeys":{}}}}},"version":"v1"}