{"_sessions":{"BfdjmxF5cJQ7Qm1iii5zUZZ69JOPeV9V0iBg+bMQ5nYW":{"registrationId":876960880,"currentRatchet":{"ephemeralKeyPair":{"pubKey":"BdSP/HIGfTshvMzkj0VAc7joh8/mVk9rbuX9/ls1b9NN","privKey":"KGOzwyZgXAJ5KqMbpNFWeIt2esvgvFbvb8gFPa1rC00="},"lastRemoteEphemeralKey":"BfBWjhbIxKZyKXxZ+vXp54ca+YSXQxFOXE/T05ioW80P","previousCounter":0,"rootKey":"HytDvDWWk82FMT224HZ0HECpS0D8Ov0EzDcVs289PxA="},"indexInfo":{"baseKey":"BfdjmxF5cJQ7Qm1iii5zUZZ69JOPeV9V0iBg+bMQ5nYW","baseKeyType":1,"closed":-1,"used":1753669401600,"created":1753669401600,"remoteIdentityKey":"BbyG/AptEcMlRtq/90ZbxAPFJGGCjMWbGXCr1e3ushkX"},"_chains":{"BdSP/HIGfTshvMzkj0VAc7joh8/mVk9rbuX9/ls1b9NN":{"chainKey":{"counter":0,"key":"2xzmU7zI8PpQF2vOnhGcMpMHfSORPgtJgqcd2l2ztM8="},"chainType":1,"messageKeys":{}}},"pendingPreKey":{"signedKeyId":0,"baseKey":"BfdjmxF5cJQ7Qm1iii5zUZZ69JOPeV9V0iBg+bMQ5nYW","preKeyId":15903420}}},"version":"v1"}