{"_sessions":{"Be4JYehXTROyToWV9VhOiGIoJI1JUiyQwMx9MMGkHIhX":{"registrationId":2126874050,"currentRatchet":{"ephemeralKeyPair":{"pubKey":"BbgBfcjlppI0f32apGqeFURuljvpy3UaHzhd3d4Pm2lx","privKey":"qGgcXerrDQfMjwFwpGgJmz0PQdRSx+Y8yLqJuu9A/HE="},"lastRemoteEphemeralKey":"BXiyQdGnRUYckOcuutdfv3/LP1J5cxSZydjNquYXum8n","previousCounter":0,"rootKey":"gURpmzNzSzix+RjT0XIHuyTZ81B44C4Q1JZlpQlBjoU="},"indexInfo":{"baseKey":"Be4JYehXTROyToWV9VhOiGIoJI1JUiyQwMx9MMGkHIhX","baseKeyType":2,"closed":-1,"used":1753947967870,"created":1753947967870,"remoteIdentityKey":"BTkWPX4JRx0j41ZeUNs40+GglsApk2uxHUX+UstlEaxU"},"_chains":{"BXiyQdGnRUYckOcuutdfv3/LP1J5cxSZydjNquYXum8n":{"chainKey":{"counter":0,"key":"q9tsHc7BBiY6tFOIWIHkd9Jrjm3COKblWqREoYbDnmg="},"chainType":2,"messageKeys":{}},"BbgBfcjlppI0f32apGqeFURuljvpy3UaHzhd3d4Pm2lx":{"chainKey":{"counter":0,"key":"RlRedGFbvcWdGkTqhfywQLCCKFQPtbfTjSz+CSZANGQ="},"chainType":1,"messageKeys":{}}}}},"version":"v1"}