{"_sessions":{"BeVJA9r9icqSkIZVP2hIE57m8QPf7KE8cdTuEO/0z5Ec":{"registrationId":1729367701,"currentRatchet":{"ephemeralKeyPair":{"pubKey":"BZCMkTIBzpN1GK3TW6YefjG6+tg7n9dj56H/FWTA5tx+","privKey":"MNESrYYK/P2TAqTlSnQws/QYFmuh97S2qRsl0bdmSnM="},"lastRemoteEphemeralKey":"Bf2csWkmP6B4BoNvqLq/kgUMkES+paDcANGNk+7TNNFq","previousCounter":0,"rootKey":"PCdA6LfuQDUUSE1zYD7IJPLLq4iXHHD7r90Z5rnmGL0="},"indexInfo":{"baseKey":"BeVJA9r9icqSkIZVP2hIE57m8QPf7KE8cdTuEO/0z5Ec","baseKeyType":1,"closed":-1,"used":1753933764517,"created":1753931024361,"remoteIdentityKey":"BZrmGq0LLDT8WM7/Hl7DftXywyfAEn/CajwRTbBDQbBl"},"_chains":{"Bf2csWkmP6B4BoNvqLq/kgUMkES+paDcANGNk+7TNNFq":{"chainKey":{"counter":3,"key":"lVfT7cTkKpxtohALioyMYA01xpzqLCck0t0JDvPe4m0="},"chainType":2,"messageKeys":{}},"BZCMkTIBzpN1GK3TW6YefjG6+tg7n9dj56H/FWTA5tx+":{"chainKey":{"counter":-1,"key":"eBiFWVim1+6wszH62t6ne6aMxY71LoN4I816xZaktqU="},"chainType":1,"messageKeys":{}}}}},"version":"v1"}